-- phpMyAdmin SQL Dump
-- version 5.2.1
-- https://www.phpmyadmin.net/
--
-- Host: 127.0.0.1
-- Generation Time: Feb 06, 2025 at 02:01 PM
-- Server version: 10.4.32-MariaDB
-- PHP Version: 8.2.12

SET SQL_MODE = "NO_AUTO_VALUE_ON_ZERO";
START TRANSACTION;
SET time_zone = "+00:00";


/*!40101 SET @OLD_CHARACTER_SET_CLIENT=@@CHARACTER_SET_CLIENT */;
/*!40101 SET @OLD_CHARACTER_SET_RESULTS=@@CHARACTER_SET_RESULTS */;
/*!40101 SET @OLD_COLLATION_CONNECTION=@@COLLATION_CONNECTION */;
/*!40101 SET NAMES utf8mb4 */;

--
-- Database: `rfidsystem_db`
--

-- --------------------------------------------------------

--
-- Table structure for table `department`
--

CREATE TABLE `department` (
  `id` int(11) NOT NULL,
  `dept_name` varchar(255) DEFAULT NULL,
  `color` varchar(255) NOT NULL
) ENGINE=InnoDB DEFAULT CHARSET=utf8mb4 COLLATE=utf8mb4_general_ci;

--
-- Dumping data for table `department`
--

INSERT INTO `department` (`id`, `dept_name`, `color`) VALUES
(25, 'Computer Studies Department', '#856f6f'),
(26, 'Engineering Department', '#940000'),
(27, 'Teacher Education Department', '#0006b8'),
(28, 'Business and Management Department', '#06a709'),
(29, 'Industrial Technology Department', '#b89000');

-- --------------------------------------------------------

--
-- Table structure for table `employees`
--

CREATE TABLE `employees` (
  `id` int(11) NOT NULL,
  `fname` varchar(255) NOT NULL,
  `mname` varchar(255) DEFAULT NULL,
  `lname` varchar(255) NOT NULL,
  `sname` varchar(255) DEFAULT NULL,
  `bdate` date DEFAULT NULL,
  `gender` varchar(255) DEFAULT NULL,
  `address` varchar(255) DEFAULT NULL,
  `cellnum` varchar(255) DEFAULT NULL,
  `email` varchar(255) DEFAULT NULL,
  `employee_type_id` int(11) DEFAULT NULL,
  `school_id` varchar(255) NOT NULL,
  `role_id` int(11) DEFAULT NULL,
  `dept_id` int(11) DEFAULT NULL,
  `rfid` varchar(255) DEFAULT NULL,
  `img_path` varchar(255) DEFAULT NULL,
  `status` int(11) NOT NULL DEFAULT 0 COMMENT '0= active, 1=archived'
) ENGINE=InnoDB DEFAULT CHARSET=utf8mb4 COLLATE=utf8mb4_general_ci;

--
-- Dumping data for table `employees`
--

INSERT INTO `employees` (`id`, `fname`, `mname`, `lname`, `sname`, `bdate`, `gender`, `address`, `cellnum`, `email`, `employee_type_id`, `school_id`, `role_id`, `dept_id`, `rfid`, `img_path`, `status`) VALUES
(2, 'Wilferd Jude', 'A', 'Perante', '', '1989-05-06', 'male', NULL, NULL, NULL, 9, 'PO6032013WJA', 1, 25, '1123', '20241206_134723Perante.png', 0),
(3, 'Jamirah', 'L', 'Abdullah', '', '2002-03-19', 'female', NULL, NULL, NULL, 5, 'A081924JL', 1, 25, '321', '20241127_114627Abdullah.png', 0),
(4, 'Sedrick Razeal', 'R', 'Arcenal', '', '2001-05-16', 'male', NULL, NULL, NULL, 5, 'A081924SRR', 1, 25, '2341876485', '1730256257Sedrick RazealArcenal.png', 0),
(5, 'Albern Nathaniel', 'C', 'Barbac', '', '2000-01-05', 'male', NULL, NULL, NULL, 5, 'B100124ANC', 1, 25, '2347709717', NULL, 0),
(6, 'Rose Belle', 'D', 'Esolana', '', '1995-04-28', 'female', NULL, NULL, NULL, 8, 'E020722RBD', 1, 25, '2337971733', '1730256107Rose BelleEsolana.png', 0),
(7, 'Joseph Jaymel', 'S', 'Morpos', '', '1975-02-20', 'male', NULL, NULL, NULL, 4, 'M071000JJS', 1, 25, '0037939526', NULL, 0),
(9, 'Angel', 'H', 'Lopez', '', '2001-11-23', 'female', NULL, NULL, NULL, 5, 'L1001224AH', 1, 25, '2334437381', NULL, 0),
(11, 'Edgardo', 'B', 'Po', 'Jr.', '2001-08-05', 'male', NULL, NULL, NULL, 5, 'PO81924EB', 1, 25, '2333513237', NULL, 0),
(12, 'wew', '', 'wew', '', '2014-12-04', 'female', NULL, NULL, NULL, 4, '234234234', 1, 26, '34543', NULL, 1),
(13, 'aw', 'A', 'wewa', 'Jr.', '2014-12-04', 'male', NULL, NULL, NULL, 4, 'aw32423423', 1, 26, '234234', NULL, 1),
(14, 'wew', '', 'wewwwww', '', '2014-12-04', 'male', NULL, NULL, NULL, 8, '234234', 1, 0, '123123123', NULL, 1);

-- --------------------------------------------------------

--
-- Table structure for table `employee_type`
--

CREATE TABLE `employee_type` (
  `id` int(11) NOT NULL,
  `employee_type` varchar(255) NOT NULL
) ENGINE=InnoDB DEFAULT CHARSET=utf8mb4 COLLATE=utf8mb4_general_ci;

--
-- Dumping data for table `employee_type`
--

INSERT INTO `employee_type` (`id`, `employee_type`) VALUES
(4, 'Teacher/Instructor'),
(5, 'Teacher/Instructor (Part time)'),
(8, 'Admin Aide I'),
(9, 'Admin Aide II'),
(11, 'Instructor I'),
(12, 'Instructor II'),
(13, 'Instructor III');

-- --------------------------------------------------------

--
-- Table structure for table `gen_reports`
--

CREATE TABLE `gen_reports` (
  `id` int(11) NOT NULL,
  `report_id` varchar(255) NOT NULL
) ENGINE=InnoDB DEFAULT CHARSET=utf8mb4 COLLATE=utf8mb4_unicode_ci;

--
-- Dumping data for table `gen_reports`
--

INSERT INTO `gen_reports` (`id`, `report_id`) VALUES
(1, '981876113'),
(2, '455864855'),
(3, '296743475'),
(4, '911179655'),
(5, '599167912'),
(6, '126798781'),
(7, '190827795'),
(8, '682427804'),
(9, '898188474'),
(10, '973561690'),
(11, '671730479'),
(12, '724142216'),
(13, '725517523'),
(14, '422401949'),
(15, '345632805'),
(16, '198975246'),
(17, '196845110'),
(18, '757485666'),
(19, '813779528'),
(20, '523559204'),
(21, '901115976'),
(22, '720294978'),
(23, '680808488'),
(24, '108130398'),
(25, '999855002'),
(26, '963588085'),
(27, '245709901'),
(28, '524337678'),
(29, '541400754'),
(30, '474811391'),
(31, '327330602'),
(32, '438406806'),
(33, '859195545'),
(34, '396427876'),
(35, '233309514'),
(36, '995587734'),
(37, '534516084'),
(38, '146945824'),
(39, '846030865'),
(40, '337857784'),
(41, '737298764'),
(42, '186151737'),
(43, '699787363'),
(44, '406265075'),
(45, '440863746'),
(46, '309632225'),
(47, '785412894'),
(48, '171046448'),
(49, '457394049'),
(50, '690120067');

-- --------------------------------------------------------

--
-- Table structure for table `logs`
--

CREATE TABLE `logs` (
  `id` int(11) NOT NULL,
  `user_id` int(11) NOT NULL,
  `action` varchar(255) NOT NULL,
  `timestamp` datetime NOT NULL DEFAULT current_timestamp()
) ENGINE=InnoDB DEFAULT CHARSET=utf8mb4 COLLATE=utf8mb4_general_ci;

--
-- Dumping data for table `logs`
--

INSERT INTO `logs` (`id`, `user_id`, `action`, `timestamp`) VALUES
(1, 1, ' has logged in', '2024-10-17 02:04:33'),
(2, 1, ' has logged out', '2024-10-17 02:06:23'),
(3, 1, ' has logged in', '2024-10-17 02:11:08'),
(4, 1, ' has logged out', '2024-10-17 02:12:40'),
(5, 3, ' has logged in', '2024-10-17 09:00:42'),
(6, 3, ' has logged in', '2024-10-17 09:15:46'),
(7, 3, ' has registered a new student Nancy Castillo', '2024-10-17 09:17:09'),
(8, 3, ' has registered a new student Jackylyn Miro', '2024-10-17 09:19:07'),
(9, 3, ' has registered a new student Sharon Rose Ballera', '2024-10-17 09:25:19'),
(10, 3, ' has logged out', '2024-10-17 09:32:49'),
(11, 1, ' has logged in', '2024-10-17 09:32:55'),
(12, 1, ' has registered a new student Johanna Nicole Bacalso', '2024-10-17 09:39:48'),
(13, 1, ' has registered a new student April Sheen Pinar', '2024-10-17 09:41:32'),
(14, 1, ' has registered a new student Daniela  Tabique', '2024-10-17 09:43:18'),
(15, 1, ' has registered a new student Ruelene  Labiste', '2024-10-17 09:45:44'),
(16, 1, ' has registered a new student Angelita Torres', '2024-10-17 09:53:32'),
(17, 1, ' has registered a new student Xyron Balasabas', '2024-10-17 10:00:22'),
(18, 1, ' has logged out', '2024-10-17 10:02:03'),
(19, 3, ' has logged in', '2024-10-17 10:02:11'),
(20, 3, ' has created the Business and Management Department in category', '2024-10-17 10:03:33'),
(21, 3, ' has registered a new student Izza Jhoy Ugbamin', '2024-10-17 10:07:05'),
(22, 3, ' has registered a new student Anjelyn Romo', '2024-10-17 10:14:46'),
(23, 3, ' has registered a new student Piolo Barcos', '2024-10-17 10:23:34'),
(24, 3, ' has registered a new student Angel Lyn Movilla', '2024-10-17 10:26:32'),
(25, 3, ' has registered a new student Cressiah Dacal', '2024-10-17 10:32:23'),
(26, 3, ' has updated the student information of Cressiah Dacal', '2024-10-17 10:32:45'),
(27, 3, ' has registered a new student John Brint Arañez', '2024-10-17 10:45:53'),
(28, 3, ' has registered a new student Princess Valerie Codilla', '2024-10-17 10:47:54'),
(29, 3, ' has logged out', '2024-10-17 10:58:14'),
(30, 1, ' has logged in', '2024-10-17 10:59:34'),
(32, 1, ' has logged in', '2024-10-17 11:05:30'),
(33, 1, ' has registered a new student Rafael Malinao ', '2024-10-17 11:08:19'),
(34, 1, ' has registered a new student Bernard Glenn Casera', '2024-10-17 11:14:33'),
(35, 1, ' has registered a new student Joel Jr Cuavo', '2024-10-17 11:19:43'),
(36, 1, ' has registered a new student James Humphry Manilag', '2024-10-17 11:23:57'),
(37, 1, ' has registered a new student Angel Roldan', '2024-10-17 11:32:55'),
(38, 1, ' has registered a new student Ayegee Contridas', '2024-10-17 11:35:27'),
(39, 1, ' has created the Bachelor of Science in Civil Engineering program', '2024-10-17 11:41:42'),
(40, 1, ' has created the Bachelor of Science in Electronics Engineering program', '2024-10-17 11:42:06'),
(41, 1, ' has registered a new student Jury Mae Catingub', '2024-10-17 11:58:56'),
(42, 1, ' has registered a new student Lovely Jean Mabini', '2024-10-17 12:09:17'),
(43, 1, ' has registered a new student Haide Parilla', '2024-10-17 12:12:37'),
(44, 1, ' has logged in', '2024-10-17 16:06:27'),
(45, 1, ' has updated the account security personnel name SecurityPersonnel', '2024-10-17 16:17:06'),
(46, 1, ' has updated the account staff name StaffOffice', '2024-10-17 16:17:21'),
(47, 1, ' has updated the account admin name adminadmin', '2024-10-17 16:17:37'),
(48, 1, ' has updated the account admin name adminadmin', '2024-10-17 16:17:44'),
(49, 1, ' has logged out', '2024-10-17 16:20:10'),
(50, 1, ' has logged in', '2024-10-17 16:22:25'),
(51, 1, ' has updated the Business and Management Department in category', '2024-10-17 16:34:31'),
(52, 1, ' has updated the Teacher Education Department in category', '2024-10-17 16:34:41'),
(53, 1, ' has updated the Engineering Department in category', '2024-10-17 16:34:47'),
(54, 1, ' has created an account admin name John Mark Cuyos', '2024-10-17 16:38:34'),
(55, 1, ' has updated the account admin name adminadmin', '2024-10-17 16:39:13'),
(56, 1, ' has logged in', '2024-10-17 17:43:10'),
(57, 1, ' has logged out', '2024-10-17 17:57:47'),
(58, 1, ' has logged in', '2024-10-17 19:46:25'),
(59, 1, ' has updated the Computer Studies Department in category', '2024-10-17 19:47:22'),
(60, 1, ' has logged out', '2024-10-17 22:31:06'),
(61, 3, ' has logged in', '2024-10-17 22:31:18'),
(62, 3, ' has logged out', '2024-10-18 00:09:41'),
(63, 7, ' has logged in', '2024-10-18 00:11:49'),
(64, 7, ' has logged in', '2024-10-18 01:36:44'),
(65, 7, ' has updated the account admin name John Mark Cuyos', '2024-10-18 01:41:09'),
(66, 7, ' has logged out', '2024-10-18 01:43:30'),
(67, 1, ' has logged in', '2024-10-18 09:18:39'),
(68, 1, ' has registered a new student Johannes June Celedio', '2024-10-18 09:34:52'),
(69, 1, ' has registered a new student Queennie Escala', '2024-10-18 09:37:17'),
(70, 1, ' has registered a new student Jandy Arpon', '2024-10-18 09:39:42'),
(71, 1, ' has registered a new student Johnny Campomanes', '2024-10-18 09:49:45'),
(72, 1, ' has registered a new student Hezekiah Rebato', '2024-10-18 09:56:19'),
(73, 1, ' has registered a new student Shanny Flores', '2024-10-18 10:02:30'),
(74, 1, ' has registered a new student Ruby Tinunga', '2024-10-18 10:05:51'),
(75, 1, ' has registered a new student Monico Caoctoy', '2024-10-18 10:14:12'),
(76, 1, ' has registered a new student Almackie Andrew Bangalao', '2024-10-18 10:18:39'),
(77, 1, ' has registered a new student Justine Peter Ariño', '2024-10-18 10:23:35'),
(78, 1, ' has registered a new student Mark Joseph Talle', '2024-10-18 10:29:59'),
(79, 1, ' has registered a new student Marichelle Luistro', '2024-10-18 10:33:09'),
(80, 1, ' has updated the student information of Mark Gerald Talle', '2024-10-18 10:39:55'),
(81, 1, ' has registered a new student Jomarey Dacuyan', '2024-10-18 10:57:36'),
(82, 1, ' has registered a new student Christine Alolor', '2024-10-18 10:59:07'),
(83, 1, ' has logged in', '2024-10-18 11:02:28'),
(84, 1, ' has registered a new student Rizzamae Solis', '2024-10-18 11:02:47'),
(85, 1, ' has registered a new student John Lloyd Rivera', '2024-10-18 11:08:32'),
(86, 1, ' has registered a new student Jake Sergida', '2024-10-18 11:12:31'),
(87, 1, ' has registered a new student Reymark Costorio', '2024-10-18 11:23:20'),
(88, 1, ' has registered a new student Stephanie Angel Nudalo', '2024-10-18 11:28:02'),
(89, 1, ' has registered a new student Tinzo Charles Apuya', '2024-10-18 11:28:48'),
(90, 1, ' has registered a new student Reymart Magallanes', '2024-10-18 11:33:08'),
(91, 1, ' has registered a new student John Mark Cuyos', '2024-10-18 11:53:13'),
(92, 1, ' has registered a new student Loren Capuyan', '2024-10-18 11:53:51'),
(93, 1, ' has registered a new student Niño Boholst', '2024-10-18 11:57:30'),
(94, 1, ' has logged in', '2024-10-18 13:12:37'),
(95, 7, ' has logged in', '2024-10-18 16:28:31'),
(96, 1, ' has logged in', '2024-10-18 20:52:22'),
(97, 7, ' has logged in', '2024-10-18 22:54:00'),
(98, 7, ' has logged in', '2024-10-19 17:26:26'),
(99, 7, ' has logged in', '2024-10-19 18:15:33'),
(100, 7, ' has logged in', '2024-10-19 19:01:19'),
(101, 1, ' has logged in', '2024-10-20 06:18:32'),
(102, 1, ' has logged in', '2024-10-21 09:17:23'),
(103, 1, ' has registered a new student Edmon Flores', '2024-10-21 09:19:44'),
(104, 1, ' has registered a new student Jessamae Ugbamen', '2024-10-21 09:25:24'),
(105, 1, ' has registered a new student Jade Kenneth Pacañot', '2024-10-21 09:31:47'),
(106, 1, ' has registered a new student Christian Alain Apatt', '2024-10-21 09:43:17'),
(107, 1, ' has registered a new student Shane Del Moira Mantua', '2024-10-21 09:47:48'),
(108, 1, ' has registered a new student Dielu Bilas', '2024-10-21 09:53:11'),
(109, 1, ' has registered a new student Rovie Jhen Casimong', '2024-10-21 09:58:58'),
(110, 1, ' has registered a new student Cristine Jane Pagalan', '2024-10-21 10:10:44'),
(111, 1, ' has registered a new student Anne Sophia Silvano', '2024-10-21 10:12:30'),
(112, 1, ' has registered a new student Ritzmond Manzo', '2024-10-21 10:16:19'),
(113, 1, ' has registered a new student Mecaella Managbanag', '2024-10-21 10:29:26'),
(114, 1, ' has registered a new student Ivan Earl Ocampo', '2024-10-21 10:32:48'),
(115, 1, ' has registered a new student Jemaica Sicad', '2024-10-21 10:34:40'),
(116, 1, ' has registered a new student Rochelle Arabejo', '2024-10-21 10:46:44'),
(117, 1, ' has registered a new student Christian Rey Alegre', '2024-10-21 10:52:24'),
(118, 1, ' has registered a new student Perdito Parilla', '2024-10-21 11:04:56'),
(119, 1, ' has updated the student information of Pedrito Parilla', '2024-10-21 11:05:29'),
(120, 1, ' has registered a new student Ferly Ann Samson', '2024-10-21 11:07:13'),
(121, 1, ' has registered new employee Ariel Morilla', '2024-10-21 11:16:25'),
(122, 1, ' has registered a new student Russel Jhon Dasigan', '2024-10-21 11:21:33'),
(123, 1, ' has registered a new student Jelian Mae Morga', '2024-10-21 11:26:47'),
(124, 1, ' has registered a new student Klenth Joseph Cañedo', '2024-10-21 11:41:23'),
(125, 1, ' has registered a new student Paul Joseph Teves', '2024-10-21 11:43:41'),
(126, 7, ' has logged in', '2024-10-21 15:07:11'),
(127, 7, 'generate a report with the Reference ID of 470181588', '2024-10-21 15:15:57'),
(128, 7, 'generate a report with the Reference ID of 621136799', '2024-10-21 15:18:06'),
(129, 7, ' has logged in', '2024-10-21 16:49:11'),
(130, 3, ' has logged in', '2024-10-21 19:48:08'),
(131, 3, 'generate a report with the Reference ID of 235453879', '2024-10-21 19:48:44'),
(132, 3, ' has logged out', '2024-10-21 19:52:25'),
(133, 2, ' has logged in', '2024-10-21 19:52:41'),
(134, 7, 'generate a report with the Reference ID of 284443264', '2024-10-21 20:29:25'),
(135, 7, ' has logged out', '2024-10-21 21:00:06'),
(136, 7, ' has logged in', '2024-10-21 21:11:04'),
(137, 7, ' has logged out', '2024-10-21 21:21:48'),
(138, 1, ' has logged in', '2024-10-22 08:38:53'),
(139, 1, ' has registered a new student John Carlo Tijas', '2024-10-22 08:40:30'),
(140, 1, ' has registered a new student Jorge Mikhael Gubantes', '2024-10-22 08:44:20'),
(141, 1, ' has registered a new student Khim Arradaza', '2024-10-22 08:47:30'),
(142, 1, ' has registered a new student Aphrodite Payod', '2024-10-22 08:53:00'),
(143, 1, ' has registered a new student Trisha Mhay Lonzaga', '2024-10-22 08:58:12'),
(144, 7, ' has logged in', '2024-10-22 08:59:31'),
(145, 1, ' has registered a new student Nathalie Grace Poticar', '2024-10-22 09:03:23'),
(146, 1, ' has registered a new student Aj Myco Estor', '2024-10-22 09:05:25'),
(147, 7, ' has updated the student information of Nathalie Grace Poticar', '2024-10-22 09:06:32'),
(148, 1, ' has registered a new student Gishner Santianez', '2024-10-22 09:08:43'),
(149, 1, ' has registered a new student Uriel Dan Carlobos', '2024-10-22 09:16:28'),
(150, 1, ' has registered a new student Jenbert Duazo', '2024-10-22 09:24:09'),
(151, 1, ' has registered a new student Franzin Dalumpines', '2024-10-22 09:30:27'),
(152, 1, ' has registered a new student Rhenah May Cabudlay', '2024-10-22 09:36:00'),
(153, 7, ' has archived a student John Mark Cuyos', '2024-10-22 09:39:58'),
(154, 1, ' has registered a new student EarlJohn Sicsic', '2024-10-22 09:42:09'),
(155, 1, ' has registered a new student Aexel Peguera', '2024-10-22 09:45:49'),
(156, 7, ' has unarchived a student John Mark Cuyos', '2024-10-22 09:46:21'),
(157, 1, ' has registered a new student Irish Angel Galo', '2024-10-22 09:49:55'),
(158, 1, ' has registered a new student Leah Mae Tuburan', '2024-10-22 09:54:11'),
(159, 1, ' has registered a new student Tobby Aligway', '2024-10-22 09:57:38'),
(160, 1, ' has registered a new student Shanarya Elise Calub', '2024-10-22 10:04:32'),
(161, 7, 'generate a report with the Reference ID of 777071260', '2024-10-22 10:07:40'),
(162, 1, ' has registered a new student Khea Cyrielle Moral', '2024-10-22 10:09:00'),
(163, 1, ' has registered a new student Arvin Clark Bioc', '2024-10-22 10:11:37'),
(164, 1, ' has registered a new student Elsie Garciano', '2024-10-22 10:16:51'),
(165, 7, ' has logged out', '2024-10-22 10:17:54'),
(166, 2, ' has logged in', '2024-10-22 10:18:06'),
(167, 1, ' has registered a new student Ariane Jean Ocenar', '2024-10-22 10:22:08'),
(168, 1, ' has registered a new student Regine Pales', '2024-10-22 10:31:42'),
(169, 1, ' has registered a new student Ianna Jade Tilan', '2024-10-22 10:34:38'),
(170, 1, ' has registered a new student Reyna Mae Dolores', '2024-10-22 10:47:22'),
(171, 1, ' has registered a new student Ely Christian Bucasas', '2024-10-22 10:59:16'),
(172, 1, ' has registered a new student Antonio Jose Torrevillas', '2024-10-22 11:08:19'),
(173, 7, ' has logged in', '2024-10-22 16:41:38'),
(174, 7, ' has logged in', '2024-10-22 19:52:22'),
(175, 1, ' has logged in', '2024-10-23 07:37:36'),
(176, 1, ' has updated the student information of Shanny Flores', '2024-10-23 08:05:07'),
(177, 1, ' has updated the student information of Anjelyn Romo', '2024-10-23 08:07:21'),
(178, 1, ' has updated the student information of Dielu Bilas', '2024-10-23 08:14:42'),
(179, 1, ' has updated the student information of Piolo Barcos', '2024-10-23 08:17:09'),
(180, 1, ' has updated the student information of Johanna Nicole Bacalso', '2024-10-23 08:17:53'),
(181, 1, ' has updated the student information of Cressiah Dacal', '2024-10-23 08:21:05'),
(182, 1, ' has updated the student information of Paul Joseph Teves', '2024-10-23 08:22:49'),
(183, 1, ' has updated the student information of Jackylyn Miro', '2024-10-23 08:42:59'),
(184, 1, ' has updated the student information of Jessamae Ugbamen', '2024-10-23 08:50:57'),
(185, 1, ' has updated the student information of Reymart Magallanes', '2024-10-23 09:12:23'),
(186, 1, ' has logged in', '2024-10-23 14:25:40'),
(187, 7, ' has logged in', '2024-10-23 14:25:58'),
(188, 1, ' has updated the student information of Khim Arradaza', '2024-10-23 14:26:57'),
(189, 7, ' has logged in', '2024-10-23 19:24:58'),
(190, 7, ' has logged out', '2024-10-23 19:30:28'),
(191, 1, ' has logged in', '2024-10-24 10:15:26'),
(192, 1, ' has logged in', '2024-10-24 23:33:24'),
(193, 7, ' has logged in', '2024-10-25 09:49:53'),
(194, 1, ' has logged in', '2024-10-26 05:27:43'),
(195, 1, 'generate a report with the Reference ID of 193989708', '2024-10-26 05:28:01'),
(196, 1, 'generate a report with the Reference ID of 377992894', '2024-10-26 05:29:31'),
(197, 7, ' has logged in', '2024-10-26 09:16:12'),
(198, 7, ' has logged in', '2024-10-27 18:43:19'),
(199, 1, ' has logged in', '2024-10-27 20:02:37'),
(200, 1, ' has updated the student information of Anjelyn Romo', '2024-10-27 20:06:38'),
(201, 1, ' has updated the student information of Anjelyn Romo', '2024-10-27 20:06:50'),
(202, 1, ' has updated the student information of Elsie Garciano', '2024-10-27 20:10:19'),
(203, 1, ' has updated the student information of Jandy Arpon', '2024-10-27 20:12:15'),
(204, 1, ' has updated the student information of Cristine Jane Pagalan', '2024-10-27 20:14:08'),
(205, 1, ' has updated the student information of Aexel Peguera', '2024-10-27 20:15:56'),
(206, 1, ' has updated the student information of Gishner Santianez', '2024-10-27 20:18:01'),
(207, 1, ' has updated the student information of Leah Mae Tuburan', '2024-10-27 20:20:40'),
(208, 1, ' has logged out', '2024-10-27 20:24:00'),
(209, 1, ' has logged in', '2024-10-28 09:54:11'),
(210, 1, ' has updated the student information of Xyron Balasabas', '2024-10-28 10:43:27'),
(211, 1, ' has updated the student information of Ely Christian Bucasas', '2024-10-28 10:44:46'),
(212, 1, 'generate a report with the Reference ID of 329138257', '2024-10-28 10:48:34'),
(213, 1, ' has archived an employee Ariel Morilla', '2024-10-28 11:02:43'),
(214, 1, ' has unarchived an employee Ariel Morilla', '2024-10-28 11:03:04'),
(215, 1, 'generate a report with the Reference ID of 662920520', '2024-10-28 11:29:44'),
(216, 1, ' has logged in', '2024-10-28 12:35:41'),
(217, 1, ' has registered a new student Geraldine  Valenzona', '2024-10-28 12:50:19'),
(218, 1, ' has registered a new student Johnny Andrew Teleron', '2024-10-28 12:55:27'),
(219, 1, ' has registered a new student Bezaleel  Degillo', '2024-10-28 12:57:12'),
(220, 1, ' has registered a new student John Paul  Vasquez', '2024-10-28 13:00:52'),
(221, 1, ' has registered a new student Randy Endolos', '2024-10-28 13:10:43'),
(222, 1, ' has registered a new student Shamie Jean Maaghop', '2024-10-28 13:57:05'),
(223, 7, ' has logged in', '2024-10-28 15:16:35'),
(224, 7, ' has logged in', '2024-10-28 15:18:10'),
(225, 7, 'generate a report with the Reference ID of 981876113', '2024-10-28 15:22:34'),
(226, 7, 'generate a report with the Reference ID of 455864855', '2024-10-28 15:22:46'),
(227, 7, 'generate a report with the Reference ID of 296743475', '2024-10-28 15:23:13'),
(228, 7, 'generate a report with the Reference ID of 911179655', '2024-10-28 15:23:51'),
(229, 7, 'generate a report with the Reference ID of 599167912', '2024-10-28 15:24:03'),
(230, 7, 'generate a report with the Reference ID of 126798781', '2024-10-28 15:24:16'),
(231, 7, 'generate a report with the Reference ID of 190827795', '2024-10-28 15:24:35'),
(232, 7, 'generate a report with the Reference ID of 682427804', '2024-10-28 17:14:41'),
(233, 7, ' has updated the employee information of Ariel Morilla', '2024-10-28 17:25:54'),
(234, 7, ' has logged out', '2024-10-28 17:53:21'),
(235, 7, ' has logged in', '2024-10-28 17:53:49'),
(236, 7, ' has logged out', '2024-10-28 17:53:56'),
(237, 7, ' has logged in', '2024-10-28 18:01:52'),
(238, 7, 'generate a report with the Reference ID of 898188474', '2024-10-28 18:04:29'),
(239, 7, 'generate a report with the Reference ID of 973561690', '2024-10-28 18:05:45'),
(240, 7, ' has logged out', '2024-10-28 18:08:39'),
(241, 1, ' has logged in', '2024-10-28 18:18:17'),
(242, 1, ' has updated the student information of Geraldine  Valenzona', '2024-10-28 18:19:50'),
(243, 1, ' has updated the student information of Jelian Mae Morga', '2024-10-28 18:20:34'),
(244, 7, ' has logged in', '2024-10-29 08:50:36'),
(245, 7, 'generate a report with the Reference ID of 671730479', '2024-10-29 08:57:08'),
(246, 7, ' has logged out', '2024-10-29 08:57:18'),
(247, 1, ' has logged in', '2024-10-29 09:49:06'),
(248, 1, 'generate a report with the Reference ID of 724142216', '2024-10-29 09:50:01'),
(249, 1, 'generate a report with the Reference ID of 725517523', '2024-10-29 09:51:07'),
(250, 1, 'generate a report with the Reference ID of 422401949', '2024-10-29 09:51:53'),
(251, 1, ' has registered a new student Gian  Racile Corilla', '2024-10-29 10:33:06'),
(252, 1, ' has registered a new student Richard Jhon Maraasin', '2024-10-29 10:40:32'),
(253, 1, ' has registered a new student Jerson Jr Donasco', '2024-10-29 10:43:55'),
(254, 1, ' has logged out', '2024-10-29 10:46:46'),
(255, 2, ' has logged in', '2024-10-29 10:46:58'),
(256, 2, ' has logged out', '2024-10-29 10:49:19'),
(257, 1, ' has logged in', '2024-10-29 10:49:29'),
(258, 1, ' has registered a new student Christopher Samuel Abadiano', '2024-10-29 11:00:37'),
(259, 1, ' has registered a new student Samantha  Salvar', '2024-10-29 11:06:04'),
(260, 1, ' has registered a new student Princess  Elisan', '2024-10-29 11:10:59'),
(261, 1, 'generate a report with the Reference ID of 345632805', '2024-10-29 11:20:39'),
(262, 1, ' has registered a new student John Kent Canales', '2024-10-29 11:27:31'),
(263, 1, ' has logged in', '2024-10-29 11:58:09'),
(264, 1, ' has registered a new student Jonas Redfz Abejar', '2024-10-29 12:40:00'),
(265, 1, ' has registered a new student Rachel Carrillo', '2024-10-29 12:47:43'),
(266, 7, ' has logged in', '2024-10-29 20:01:40'),
(267, 1, ' has logged in', '2024-10-29 20:29:20'),
(268, 1, ' has updated the student information of Trisha Mhay Lonzaga', '2024-10-29 20:52:04'),
(269, 1, ' has updated the student information of Daniela  Tabique', '2024-10-29 20:52:50'),
(270, 1, ' has updated the student information of Jonas Redfz Abejar', '2024-10-29 20:53:49'),
(271, 1, ' has updated the student information of April Sheen Pinar', '2024-10-29 20:54:32'),
(272, 1, ' has updated the student information of Rhenah May Cabudlay', '2024-10-29 20:55:25'),
(273, 1, ' has updated the student information of Angelita Torres', '2024-10-29 20:57:29'),
(274, 1, ' has updated the student information of Christian Alain Apatt', '2024-10-29 20:58:17'),
(275, 1, ' has updated the student information of Jenbert Duazo', '2024-10-29 20:59:26'),
(276, 1, ' has updated the student information of Bezaleel  Degillo', '2024-10-29 21:00:28'),
(277, 1, ' has updated the student information of Johnny Andrew Teleron', '2024-10-29 21:02:46'),
(278, 7, ' has updated the student information of John Mark Cuyos', '2024-10-29 21:14:26'),
(279, 7, ' has updated the account staff name Staff Office', '2024-10-29 21:54:15'),
(280, 7, ' has updated the account staff name Staff Office', '2024-10-29 21:54:26'),
(281, 7, ' has updated the account admin name John Mark Cuyos', '2024-10-29 21:54:48'),
(282, 7, ' has updated the account staff name Staff Office', '2024-10-29 21:55:25'),
(283, 7, ' has archived the account 2 name Staff Office', '2024-10-29 22:17:10'),
(284, 7, ' has unarchived the account 2 name Staff Office', '2024-10-29 22:17:21'),
(285, 7, ' has logged out', '2024-10-29 22:18:28'),
(286, 7, ' has logged in', '2024-10-29 22:23:03'),
(287, 7, ' has archived a student John Mark Cuyos', '2024-10-29 22:38:03'),
(288, 7, ' has unarchived a student John Mark Cuyos', '2024-10-29 22:38:14'),
(289, 7, ' has updated the student information of John Mark Cuyos', '2024-10-29 22:38:28'),
(290, 7, ' has archived a student John Mark Cuyos', '2024-10-29 22:38:43'),
(291, 7, ' has archived an employee Ariel Morilla', '2024-10-29 22:39:15'),
(292, 7, ' has unarchived an employee Ariel Morilla', '2024-10-29 22:39:43'),
(293, 7, ' has unarchived a student John Mark Cuyos', '2024-10-29 22:39:49'),
(294, 7, ' has updated the student information of John Mark Cuyos', '2024-10-29 22:40:02'),
(295, 7, ' has logged out', '2024-10-29 22:40:37'),
(296, 3, ' has logged in', '2024-10-29 22:40:48'),
(297, 3, ' has logged out', '2024-10-29 22:42:31'),
(298, 1, ' has logged in', '2024-10-29 23:19:44'),
(299, 2, ' has logged in', '2024-10-30 08:31:25'),
(300, 2, ' has logged out', '2024-10-30 08:32:03'),
(301, 7, ' has logged in', '2024-10-30 08:32:19'),
(302, 1, ' has logged in', '2024-10-30 09:35:12'),
(303, 1, ' has registered new employee Wilferd Jude Perante', '2024-10-30 09:39:56'),
(304, 1, ' has updated the employee information of Wilferd Jude Perante', '2024-10-30 09:47:33'),
(305, 1, ' has updated the student information of Jackylyn Miro', '2024-10-30 09:50:15'),
(306, 1, ' has registered new employee Jamirah Abdullah', '2024-10-30 10:09:13'),
(307, 1, ' has registered new employee Sedrick Razeal Arcenal', '2024-10-30 10:10:21'),
(308, 1, ' has registered new employee Albern Nathaniel Barbac', '2024-10-30 10:13:33'),
(309, 1, ' has registered new employee Rose Belle Esolana', '2024-10-30 10:21:06'),
(310, 1, ' has created the Industrial Technology Department in category', '2024-10-30 10:29:42'),
(311, 1, ' has updated the employee information of Rose Belle Esolana', '2024-10-30 10:41:47'),
(312, 1, ' has updated the employee information of Sedrick Razeal Arcenal', '2024-10-30 10:44:17'),
(313, 1, ' has updated the employee information of Jamirah Abdullah', '2024-10-30 10:46:00'),
(314, 1, ' has logged in', '2024-10-30 19:44:59'),
(315, 1, ' has updated the employee information of Wilferd Jude Perante', '2024-10-30 21:31:37'),
(316, 1, ' has updated the employee information of Wilferd Jude Perante', '2024-10-31 00:40:41'),
(317, 1, ' has updated the employee information of Rose Belle Esolana', '2024-10-31 00:40:56'),
(318, 1, ' has updated the employee information of Albern Nathaniel Barbac', '2024-10-31 00:41:19'),
(319, 1, ' has updated the employee information of Sedrick Razeal Arcenal', '2024-10-31 00:41:29'),
(320, 1, ' has updated the employee information of Jamirah Abdullah', '2024-10-31 00:41:37'),
(321, 1, ' has updated the employee information of Ariel Morilla', '2024-10-31 00:41:49'),
(322, 1, ' has updated the Industrial Technology Department in category', '2024-10-31 00:42:55'),
(323, 1, 'generate a report with the Reference ID of 198975246', '2024-10-31 00:44:30'),
(324, 1, ' has logged out', '2024-10-31 01:26:38'),
(325, 1, ' has registered new employee Joseph Jaymel Morpos', '2024-10-31 09:07:01'),
(326, 1, ' has registered new employee Angel Lopez', '2024-10-31 09:33:57'),
(327, 1, ' has registered new employee Angel Lopez', '2024-10-31 09:33:57'),
(328, 1, ' has registered new vendor Glenda Gariando', '2024-10-31 10:36:36'),
(329, 1, ' has registered new vendor Joseph Gariando', '2024-10-31 10:39:37'),
(330, 1, ' has logged out', '2024-10-31 10:53:51'),
(331, 1, ' has logged in', '2024-10-31 10:54:20'),
(332, 1, ' has updated the employee information of Joseph Jaymel Morpos', '2024-10-31 10:54:54'),
(333, 1, ' has updated the employee information of Angel Lopez', '2024-10-31 10:57:20'),
(334, 1, ' has registered new vendor Marika Villena', '2024-10-31 11:01:55'),
(335, 1, ' has registered new vendor Imelda Bermejo', '2024-10-31 11:07:18'),
(336, 1, ' has archived an employee Ariel Morilla', '2024-10-31 11:11:23'),
(337, 1, ' has registered new vendor Celerine Merequillo', '2024-10-31 11:14:12'),
(338, 1, ' has logged in', '2024-10-31 23:25:33'),
(339, 1, ' has updated the account admin name admin admin', '2024-10-31 23:25:52'),
(340, 1, ' has archived a vendor Celerine Merequillo', '2024-10-31 23:29:27'),
(341, 1, ' has unarchived a vendor Celerine Merequillo', '2024-10-31 23:29:40'),
(342, 1, ' has logged in', '2024-11-01 18:51:53'),
(343, 7, ' has logged in', '2024-11-01 19:16:34'),
(344, 7, ' has logged out', '2024-11-01 19:18:40'),
(345, 1, ' has logged in', '2024-11-01 19:21:08'),
(346, 7, ' has logged in', '2024-11-01 19:22:20'),
(347, 1, ' has logged in', '2024-11-01 20:07:56'),
(348, 1, ' has logged out', '2024-11-01 21:05:56'),
(349, 7, ' has logged in', '2024-11-01 21:06:28'),
(350, 7, ' has logged in', '2024-11-02 21:06:20'),
(351, 7, 'generate a report with the Reference ID of 196845110', '2024-11-02 21:18:20'),
(352, 7, ' has logged out', '2024-11-02 21:20:25'),
(353, 7, ' has logged in', '2024-11-02 22:19:28'),
(354, 7, ' has updated the vendor information of Glenda Gariando', '2024-11-02 22:21:50'),
(355, 7, ' has updated the vendor information of Joseph Gariando', '2024-11-02 22:22:04'),
(356, 7, ' has logged out', '2024-11-02 22:37:30'),
(357, 7, ' has logged in', '2024-11-02 22:44:02'),
(358, 7, ' has updated the account staff name Staff Office', '2024-11-02 22:47:34'),
(359, 7, ' has updated the account security personnel name Security Personnel', '2024-11-02 22:47:58'),
(360, 7, ' has logged in', '2024-11-02 23:35:48'),
(361, 7, ' has logged in', '2024-11-03 09:54:38'),
(362, 7, ' has logged out', '2024-11-03 09:54:45'),
(363, 2, ' has logged in', '2024-11-03 09:55:00'),
(364, 7, ' has logged in', '2024-11-03 16:09:38'),
(365, 7, ' has logged in', '2024-11-03 18:53:38'),
(366, 7, ' has logged in', '2024-11-04 05:17:32'),
(367, 2, ' has logged in', '2024-11-04 05:30:45'),
(368, 2, ' has logged in', '2024-11-04 05:59:25'),
(369, 2, ' has registered new visitor Ruthie Mae Quilaquil', '2024-11-04 06:26:33'),
(370, 2, ' has registered new visitor Juanna Royeras', '2024-11-04 06:27:10'),
(371, 2, ' has logged out', '2024-11-04 06:32:04'),
(372, 7, ' has logged in', '2024-11-04 06:33:06'),
(373, 7, ' has registered a new student Ethel Pilapil', '2024-11-04 07:23:06'),
(374, 7, ' has created the Bachelor of Science in Hospitality Management program', '2024-11-04 07:24:05'),
(375, 7, ' has updated the student information of Ethel Pilapil', '2024-11-04 07:24:50'),
(376, 7, ' has archived a visitor Ruthie Mae Quilaquil', '2024-11-04 07:59:51'),
(377, 7, ' has archived a visitor Juanna Royeras', '2024-11-04 08:00:00'),
(378, 2, ' has logged out', '2024-11-04 08:36:44'),
(379, 7, ' has logged in', '2024-11-04 08:36:56'),
(380, 7, ' has updated the student information of Christian Alain Apatt', '2024-11-04 08:38:10'),
(381, 7, ' has logged in', '2024-11-04 08:44:36'),
(382, 7, ' has updated the student information of John Mark Cuyos', '2024-11-04 09:40:14'),
(383, 7, ' has logged out', '2024-11-04 09:49:46'),
(384, 2, ' has logged in', '2024-11-04 09:49:58'),
(385, 2, ' has logged out', '2024-11-04 10:55:15'),
(386, 3, ' has logged in', '2024-11-04 10:55:25'),
(387, 3, ' has registered a new student Mark Joseph  Talle', '2024-11-04 10:56:58'),
(388, 3, ' has logged out', '2024-11-04 10:57:41'),
(389, 2, ' has logged in', '2024-11-04 10:57:51'),
(390, 2, ' has logged out', '2024-11-04 13:09:40'),
(391, 7, ' has logged in', '2024-11-04 13:09:51'),
(392, 7, ' has updated the student information of John Mark Cuyos', '2024-11-04 13:10:26'),
(393, 7, ' has updated the student information of John Carlo Tijas', '2024-11-04 13:47:42'),
(394, 7, 'generate a report with the Reference ID of 757485666', '2024-11-04 16:09:21'),
(395, 7, 'generate a report with the Reference ID of 813779528', '2024-11-04 16:12:09'),
(396, 7, 'generate a report with the Reference ID of 523559204', '2024-11-04 16:33:32'),
(397, 7, 'generate a report with the Reference ID of 901115976', '2024-11-04 16:43:51'),
(398, 7, ' has logged in', '2024-11-04 17:08:32'),
(399, 7, 'generate a report with the Reference ID of 720294978', '2024-11-04 17:13:36'),
(400, 7, ' has logged in', '2024-11-04 17:23:56'),
(401, 7, ' has updated the student information of John Mark Cuyos', '2024-11-04 17:26:34'),
(402, 7, ' has logged out', '2024-11-04 17:52:22'),
(403, 7, ' has logged in', '2024-11-04 17:57:09'),
(404, 7, ' has logged in', '2024-11-04 18:03:54'),
(405, 1, ' has logged in', '2024-11-04 19:29:49'),
(406, 1, ' has logged in', '2024-11-04 19:37:34'),
(407, 1, ' has created the Admin Aide I in category', '2024-11-04 19:39:11'),
(408, 1, ' has deleted an employee type', '2024-11-04 19:41:27'),
(409, 1, ' has updated the employee information of Rose Belle Esolana', '2024-11-04 19:42:05'),
(410, 1, ' has updated the vendor information of Celerine Merequillo', '2024-11-04 19:48:17'),
(411, 1, ' has updated the vendor information of Imelda Bermejo', '2024-11-04 19:49:59'),
(412, 1, ' has updated the vendor information of Marika Villena', '2024-11-04 19:51:02'),
(413, 1, ' has updated the vendor information of Glenda Gariando', '2024-11-04 19:51:50'),
(414, 1, ' has updated the vendor information of Joseph Gariando', '2024-11-04 19:54:27'),
(415, 1, ' has updated the student information of Aj Myco Estor', '2024-11-04 19:58:07'),
(416, 1, ' has updated the student information of Aphrodite Payod', '2024-11-04 19:58:42'),
(417, 1, ' has updated the student information of Marichelle Luistro', '2024-11-04 19:59:46'),
(418, 1, ' has updated the student information of Jomarey Dacuyan', '2024-11-04 20:00:51'),
(419, 1, ' has updated the student information of Mecaella Managbanag', '2024-11-04 20:03:35'),
(420, 7, ' has logged in', '2024-11-04 22:06:27'),
(421, 7, ' has registered a new student Gojo Saturo', '2024-11-04 22:07:53'),
(422, 7, ' has updated the student information of Gojo Saturo', '2024-11-04 22:08:12'),
(423, 7, ' has updated the student information of Gojo Saturo', '2024-11-04 22:08:14'),
(424, 7, ' has updated the student information of Gojo Saturo', '2024-11-04 22:08:22'),
(425, 7, ' has updated the student information of Gojo Saturo', '2024-11-04 22:08:22'),
(426, 7, ' has updated the student information of Gojo Saturo', '2024-11-04 22:08:44'),
(427, 7, ' has created the Admin Aide II in category', '2024-11-04 22:20:24'),
(428, 7, ' has updated the account admin name John Mark Cuyos', '2024-11-04 22:22:55'),
(429, 7, ' has logged out', '2024-11-04 22:27:20'),
(430, 1, ' has logged in', '2024-11-04 23:26:36'),
(431, 1, ' has logged in', '2024-11-05 06:06:43'),
(432, 7, ' has logged in', '2024-11-05 06:39:36'),
(433, 7, ' has logged in', '2024-11-05 07:27:32'),
(434, 1, ' has logged in', '2024-11-05 07:47:00'),
(435, 7, ' has logged in', '2024-11-05 09:09:06'),
(436, 1, ' has registered new visitor John kenneth Pastoriza', '2024-11-05 11:15:27'),
(437, 1, ' has archived a visitor John kenneth Pastoriza', '2024-11-05 11:16:23'),
(438, 1, ' has registered a new student Lawrence Laudeza', '2024-11-05 11:19:35'),
(439, 1, ' has updated the student information of Lawrence Laudeza', '2024-11-05 11:21:51'),
(440, 1, 'generate a report with the Reference ID of 680808488', '2024-11-05 11:50:31'),
(441, 1, 'generate a report with the Reference ID of 108130398', '2024-11-05 11:51:19'),
(442, 1, ' has registered a new student Justine Rose Dominggono', '2024-11-05 12:48:48'),
(443, 1, ' has registered a new student Anthony Domasig', '2024-11-05 13:11:37'),
(444, 1, ' has updated the student information of Rizzamae Solis', '2024-11-05 14:05:24'),
(445, 7, ' has logged in', '2024-11-05 16:59:50'),
(446, 1, ' has logged in', '2024-11-05 19:58:52'),
(447, 1, ' has updated the account admin name admin admin', '2024-11-05 20:21:01'),
(448, 1, ' has logged in', '2024-11-05 20:32:00'),
(449, 7, ' has logged in', '2024-11-05 20:40:07'),
(450, 1, ' has logged in', '2024-11-05 23:31:17'),
(451, 1, ' has logged out', '2024-11-05 23:31:28'),
(452, 7, ' has logged in', '2024-11-05 23:31:37'),
(456, 7, ' has logged in', '2024-11-06 00:25:51'),
(457, 7, ' has logged in', '2024-11-06 00:35:48'),
(458, 7, ' has logged out', '2024-11-06 00:47:54'),
(459, 1, ' has logged in', '2024-11-06 06:27:56'),
(460, 1, ' has logged in', '2024-11-06 06:48:24'),
(461, 1, 'generate a report with the Reference ID of 999855002', '2024-11-06 06:49:20'),
(462, 1, ' has logged in', '2024-11-06 06:52:06'),
(463, 1, ' has logged in', '2024-11-06 07:07:31'),
(464, 1, 'generate a report with the Reference ID of 963588085', '2024-11-06 07:08:24'),
(465, 7, ' has logged in', '2024-11-06 07:14:34'),
(466, 1, ' has registered a new student Jarry Bendijo', '2024-11-06 08:30:48'),
(467, 1, ' has updated the student information of Tirzo Charles Apuya', '2024-11-06 08:57:56'),
(468, 1, ' has updated the student information of Princess  Elisan', '2024-11-06 09:05:18'),
(469, 1, ' has registered a new student Ailyn Artigas', '2024-11-06 11:11:29'),
(470, 1, 'generate a report with the Reference ID of 245709901', '2024-11-06 11:42:54'),
(471, 1, ' has updated the Computer Studies Department in category', '2024-11-06 12:22:12'),
(472, 1, ' has registered a new student Trisha Jane Pilapil', '2024-11-06 12:24:22'),
(473, 1, ' has registered a new student Ma.Althea Bhea Daza', '2024-11-06 12:27:10'),
(474, 1, ' has registered a new student Maria Angie Niez', '2024-11-06 12:29:08'),
(475, 1, ' has updated the student information of Justine Peter Ariño', '2024-11-06 12:34:19'),
(476, 1, ' has updated the student information of John Kent Canales', '2024-11-06 12:37:06'),
(477, 1, ' has updated the student information of Justine Peter Ariño', '2024-11-06 12:42:02'),
(478, 1, 'generate a report with the Reference ID of 524337678', '2024-11-06 12:52:44'),
(479, 1, ' has registered new employee Edgardo Po', '2024-11-06 13:34:37'),
(480, 1, ' has registered a new student Lord Anthony Aya_ay', '2024-11-06 13:48:36'),
(481, 1, 'generate a report with the Reference ID of 541400754', '2024-11-06 15:31:07'),
(482, 1, ' has registered a new student Kiryll Dave Bangcoyo', '2024-11-06 15:57:46'),
(483, 7, ' has logged in', '2024-11-06 18:54:29'),
(484, 7, ' has updated the Computer Studies Department in category', '2024-11-06 18:58:48'),
(485, 7, ' has updated the Computer Studies Department in category', '2024-11-06 18:59:50'),
(486, 7, ' has updated the Computer Studies Department in category', '2024-11-06 19:00:15'),
(487, 1, ' has logged in', '2024-11-07 07:27:02'),
(488, 1, ' has logged in', '2024-11-07 07:37:51'),
(489, 1, ' has logged in', '2024-11-07 07:53:51'),
(490, 7, ' has logged in', '2024-11-07 07:54:36'),
(491, 7, ' has updated the account admin name John Mark Cuyos', '2024-11-07 08:05:52'),
(492, 7, ' has updated the employee information of Edgardo Po', '2024-11-07 08:27:34'),
(493, 7, ' has logged out', '2024-11-07 09:06:13'),
(494, 1, ' has logged in', '2024-11-07 09:13:18'),
(495, 1, ' has updated the student information of Jemaica Sicad', '2024-11-07 09:15:08'),
(496, 1, ' has updated the student information of Uriel Dan Carlobos', '2024-11-07 09:17:05'),
(497, 1, ' has logged in', '2024-11-07 09:33:18'),
(498, 1, ' has logged in', '2024-11-07 10:03:41'),
(499, 7, ' has logged in', '2024-11-07 12:53:21'),
(500, 7, 'generate a report with the Reference ID of 474811391', '2024-11-07 12:54:06'),
(501, 1, ' has registered a new student Arkin Gonzaga', '2024-11-07 14:02:14'),
(502, 1, ' has registered a new student John Mark Manidlangan', '2024-11-07 14:03:58'),
(503, 1, ' has registered a new student Dominic Mari Luis Con-ui', '2024-11-07 14:06:27'),
(504, 1, ' has updated the student information of Rafael Malinao ', '2024-11-07 14:43:43'),
(505, 1, 'generate a report with the Reference ID of 327330602', '2024-11-07 15:14:12'),
(506, 1, 'generate a report with the Reference ID of 438406806', '2024-11-07 15:33:27'),
(507, 7, ' has logged in', '2024-11-07 18:51:05'),
(508, 1, 'generate a report with the Reference ID of 859195545', '2024-11-09 23:03:37'),
(509, 1, ' has logged in', '2024-11-10 14:31:15'),
(510, 1, ' has updated the account admin name admin admin', '2024-11-10 14:40:32'),
(511, 1, ' has updated the account admin name admin admin', '2024-11-10 14:40:58'),
(512, 1, ' has logged in', '2024-11-10 15:23:08'),
(513, 1, ' has updated the student information of John Mark Cuyos', '2024-11-10 16:31:36'),
(514, 1, 'generate a report with the Reference ID of 396427876', '2024-11-10 16:34:39'),
(515, 1, 'generate a report with the Reference ID of 233309514', '2024-11-10 16:35:12'),
(516, 1, 'generate a report with the Reference ID of 995587734', '2024-11-10 16:35:30'),
(517, 1, ' has logged out', '2024-11-10 16:40:59'),
(518, 2, ' has logged in', '2024-11-10 16:41:10'),
(519, 2, ' has logged out', '2024-11-10 16:47:23'),
(520, 7, ' has logged in', '2024-11-10 16:47:30'),
(521, 7, ' has registered new employee wew wew', '2024-11-10 16:57:42'),
(522, 7, ' has updated the employee information of Wilferd Jude Perante', '2024-11-10 17:00:11'),
(523, 7, ' has updated the employee information of Wilferd Jude Perante', '2024-11-10 17:00:14'),
(524, 7, ' has updated the employee information of Wilferd Jude Perante', '2024-11-10 17:01:32'),
(525, 7, ' has updated the employee information of Wilferd Jude Perante', '2024-11-10 17:02:17'),
(526, 7, ' has updated the employee information of Wilferd Jude Perante', '2024-11-10 17:02:25'),
(527, 7, ' has updated the employee information of Wilferd Jude Perante', '2024-11-10 17:02:34'),
(528, 7, ' has registered new employee aw wewa', '2024-11-10 17:03:13'),
(529, 7, ' has updated the employee information of wew wew', '2024-11-10 17:03:22'),
(530, 7, ' has updated the employee information of aw wewa', '2024-11-10 17:03:31'),
(531, 7, ' has archived an employee aw wewa', '2024-11-10 17:04:40'),
(532, 7, ' has archived an employee wew wew', '2024-11-10 17:05:20'),
(533, 7, ' has updated the account admin name John Mark Cuyos', '2024-11-10 17:15:09'),
(534, 7, ' has updated the account admin name John Mark Cuyos', '2024-11-10 17:45:31'),
(535, 7, ' has updated the account admin name John Mark Cuyos', '2024-11-10 17:45:33'),
(536, 7, ' has updated the account admin name John Mark Cuyos', '2024-11-10 17:45:38'),
(537, 7, ' has updated the account admin name John Mark Cuyos', '2024-11-10 17:49:02'),
(538, 7, ' has updated the account admin name John Mark Cuyos', '2024-11-10 17:49:15'),
(539, 7, ' has logged out', '2024-11-10 17:50:52'),
(540, 1, ' has logged in', '2024-11-10 17:52:52'),
(541, 7, ' has logged in', '2024-11-10 19:10:14'),
(542, 1, ' has logged in', '2024-11-10 22:10:30'),
(543, 1, ' has updated the account admin name admin admin', '2024-11-10 23:07:37'),
(544, 1, ' has updated the account admin name admin admin', '2024-11-10 23:08:29'),
(545, 1, ' has updated the account admin name admin admin', '2024-11-10 23:08:31'),
(546, 1, ' has updated the account admin name admin admin', '2024-11-10 23:08:37'),
(547, 1, ' has updated the account admin name admin admin', '2024-11-10 23:08:39'),
(548, 1, ' has updated the account admin name admin admin', '2024-11-10 23:08:57'),
(549, 1, ' has updated the account admin name admin admin', '2024-11-10 23:09:02'),
(550, 1, ' has updated the account admin name admin admin', '2024-11-10 23:09:51'),
(551, 1, ' has updated the account admin name admin admin', '2024-11-10 23:09:54'),
(552, 1, ' has updated the account admin name admin admin', '2024-11-10 23:09:55'),
(553, 1, ' has updated the account admin name admin admin', '2024-11-10 23:09:57'),
(554, 1, ' has updated the account admin name admin admin', '2024-11-10 23:10:12'),
(555, 1, ' has updated the account admin name admin admin', '2024-11-10 23:10:18'),
(556, 1, ' has updated the account admin name admin admin', '2024-11-10 23:10:39'),
(557, 1, ' has updated the account admin name admin admin', '2024-11-10 23:10:41'),
(558, 1, ' has updated the account admin name admin admin', '2024-11-10 23:10:43'),
(559, 1, ' has updated the account admin name admin admin', '2024-11-10 23:10:45'),
(560, 1, ' has updated the account admin name admin admin', '2024-11-10 23:10:46'),
(561, 1, ' has updated the account admin name admin admin', '2024-11-10 23:10:55'),
(562, 1, ' has updated the account admin name admin admin', '2024-11-10 23:10:57'),
(563, 1, ' has updated the account admin name admin admin', '2024-11-10 23:11:11'),
(564, 1, ' has updated the account admin name admin admin', '2024-11-10 23:11:13'),
(565, 1, ' has updated the account admin name admin admin', '2024-11-10 23:11:15'),
(566, 1, ' has updated the account admin name admin admin', '2024-11-10 23:11:17'),
(567, 1, ' has updated the account admin name admin admin', '2024-11-10 23:11:19'),
(568, 1, ' has updated the account admin name admin admin', '2024-11-10 23:11:20'),
(569, 1, ' has updated the account admin name admin admin', '2024-11-10 23:11:22'),
(570, 1, ' has updated the account admin name admin admin', '2024-11-10 23:11:24'),
(571, 1, ' has updated the account admin name admin admin', '2024-11-10 23:11:26'),
(572, 1, ' has updated the account admin name admin admin', '2024-11-10 23:11:27'),
(573, 1, ' has updated the account admin name admin admin', '2024-11-10 23:11:49'),
(574, 1, ' has updated the account admin name admin admin', '2024-11-10 23:12:08'),
(575, 1, ' has updated the account admin name admin admin', '2024-11-10 23:12:19'),
(576, 1, ' has updated the account admin name admin admin', '2024-11-10 23:12:38'),
(577, 1, ' has updated the account admin name admin admin', '2024-11-10 23:12:39'),
(578, 1, ' has updated the account admin name admin admin', '2024-11-10 23:12:41'),
(579, 1, ' has updated the account admin name admin admin', '2024-11-10 23:12:57'),
(580, 1, ' has updated the account admin name admin admin', '2024-11-10 23:13:03'),
(581, 1, ' has updated the account admin name admin admin', '2024-11-10 23:13:05'),
(582, 1, ' has updated the account admin name admin admin', '2024-11-10 23:13:20'),
(583, 1, ' has updated the account admin name admin admin', '2024-11-10 23:13:38'),
(584, 1, ' has updated the Computer Studies Department in category', '2024-11-10 23:13:42'),
(585, 1, ' has deleted an employee type', '2024-11-10 23:14:00'),
(586, 1, ' has deleted an employee type', '2024-11-10 23:14:03'),
(587, 1, ' has deleted an employee type', '2024-11-10 23:16:31'),
(588, 1, ' has created the Admin in category', '2024-11-10 23:16:58'),
(589, 1, ' has deleted an employee type', '2024-11-10 23:17:02'),
(590, 1, ' has logged out', '2024-11-10 23:17:10'),
(591, 1, ' has logged in', '2024-11-10 23:17:15'),
(592, 1, ' has archived a student Nancy Castillo', '2024-11-10 23:17:42'),
(593, 1, ' has unarchived a student Nancy Castillo', '2024-11-10 23:17:52'),
(594, 1, ' has archived a student Sharon Rose Ballera', '2024-11-10 23:18:08'),
(595, 1, ' has unarchived a student Sharon Rose Ballera', '2024-11-10 23:18:14'),
(596, 1, ' has updated the student information of Jackylyn Miro', '2024-11-10 23:18:29'),
(597, 1, ' has logged out', '2024-11-10 23:18:34'),
(598, 1, ' has logged in', '2024-11-10 23:19:51'),
(599, 1, ' has updated the employee information of Wilferd Jude Perante', '2024-11-10 23:21:18'),
(600, 1, ' has updated the employee information of Wilferd Jude Perante', '2024-11-10 23:21:21'),
(601, 1, ' has updated the employee information of Wilferd Jude Perante', '2024-11-10 23:21:25'),
(602, 1, ' has updated the employee information of Wilferd Jude Perante', '2024-11-10 23:21:28'),
(603, 1, ' has updated the employee information of Wilferd Jude Perante', '2024-11-10 23:26:14'),
(604, 1, ' has updated the employee information of Wilferd Jude Perante', '2024-11-10 23:26:19'),
(605, 1, ' has updated the employee information of Wilferd Jude Perante', '2024-11-10 23:26:29'),
(606, 1, ' has updated the employee information of Wilferd Jude Perante', '2024-11-10 23:26:37'),
(607, 1, ' has updated the employee information of Wilferd Jude Perante', '2024-11-10 23:26:43'),
(608, 1, ' has updated the employee information of Wilferd Jude Perante', '2024-11-10 23:37:04'),
(609, 1, ' has updated the employee information of Wilferd Jude Perante', '2024-11-10 23:37:07'),
(610, 1, ' has logged in', '2024-11-11 13:27:21'),
(611, 1, 'generate a report with the Reference ID of 534516084', '2024-11-11 13:49:59'),
(612, 7, ' has logged in', '2024-11-11 22:13:51'),
(613, 7, ' has updated the employee information of Edgardo Po', '2024-11-11 22:42:17'),
(614, 7, ' has updated the employee information of Angel Lopez', '2024-11-11 22:42:24'),
(615, 7, ' has updated the employee information of Joseph Jaymel Morpos', '2024-11-11 22:42:36'),
(616, 7, ' has updated the employee information of Albern Nathaniel Barbac', '2024-11-11 22:42:45'),
(617, 7, ' has unarchived an employee wew wew', '2024-11-11 22:43:34'),
(618, 7, ' has unarchived an employee aw wewa', '2024-11-11 22:43:39'),
(619, 7, ' has updated the employee information of aw wewa', '2024-11-11 22:43:44'),
(620, 7, ' has updated the employee information of wew wew', '2024-11-11 22:43:48'),
(621, 7, ' has updated the employee information of wew wew', '2024-11-11 22:50:07'),
(622, 7, ' has updated the employee information of aw wewa', '2024-11-11 22:50:20'),
(623, 7, ' has updated the employee information of Wilferd Jude Perante', '2024-11-11 22:53:28'),
(624, 7, ' has updated the employee information of Wilferd Jude Perante', '2024-11-11 23:17:17'),
(625, 7, ' has updated the employee information of Wilferd Jude Perante', '2024-11-11 23:17:33'),
(626, 7, ' has updated the employee information of Wilferd Jude Perante', '2024-11-11 23:19:48'),
(627, 7, ' has updated the employee information of Wilferd Jude Perante', '2024-11-11 23:25:10'),
(628, 7, ' has updated the employee information of Wilferd Jude Perante', '2024-11-11 23:33:33'),
(629, 7, ' has updated the wew in category', '2024-11-11 23:49:10'),
(630, 7, ' has updated the Teacher/Instructor in category', '2024-11-11 23:49:15'),
(631, 7, ' has logged out', '2024-11-11 23:49:25'),
(632, 1, ' has logged in', '2024-11-12 23:24:23'),
(633, 1, ' has archived an employee wew wew', '2024-11-12 23:59:26'),
(634, 1, ' has archived an employee aw wewa', '2024-11-12 23:59:30'),
(635, 1, ' has logged out', '2024-11-13 00:00:19'),
(636, 1, ' has logged in', '2024-11-15 10:36:45'),
(637, 1, ' has registered new visitor jm cuyos', '2024-11-15 11:25:00'),
(638, 1, ' has registered new visitor jm2 fab', '2024-11-15 11:26:42'),
(639, 1, ' has registered new visitor jm3 wew', '2024-11-15 11:35:18'),
(640, 1, ' has registered new visitor jm4 wewew', '2024-11-15 11:37:35'),
(641, 1, ' has updated the employee information of Joseph Jaymel Morpos', '2024-11-15 11:44:58'),
(642, 1, ' has unarchived a visitor jm4 wewew', '2024-11-15 11:45:55'),
(643, 1, ' has unarchived a visitor jm4 wewew', '2024-11-15 11:49:20'),
(644, 1, ' has unarchived a visitor jm4 wewew', '2024-11-15 11:52:26'),
(645, 1, ' has updated the employee information of Wilferd Jude Perante', '2024-11-15 11:58:26'),
(646, 1, ' has logged in', '2024-11-19 17:36:03'),
(647, 1, ' has updated the account admin name admin admin', '2024-11-19 17:36:55'),
(648, 1, ' has logged out', '2024-11-19 17:38:21'),
(649, 1, ' has logged in', '2024-11-19 17:56:00'),
(650, 1, ' has logged out', '2024-11-19 18:00:20'),
(651, 7, ' has logged in', '2024-11-19 18:00:26'),
(652, 7, ' has logged out', '2024-11-19 18:00:56'),
(653, 7, ' has logged in', '2024-11-21 18:23:17'),
(654, 7, ' has logged in', '2024-11-21 18:25:47'),
(655, 7, 'generate a report with the Reference ID of 146945824', '2024-11-21 18:29:10'),
(656, 1, ' has logged in', '2024-11-22 14:10:53'),
(657, 7, ' has logged in', '2024-11-22 14:15:34'),
(658, 7, 'generate a report with the Reference ID of 846030865', '2024-11-22 14:20:44'),
(659, 7, ' has created the Instructor I in category', '2024-11-22 14:23:13'),
(660, 7, ' has created the Instructor II in category', '2024-11-22 14:23:20'),
(661, 7, ' has created the Instructor III in category', '2024-11-22 14:23:27'),
(662, 1, ' has logged in', '2024-11-23 10:58:38'),
(663, 1, ' has updated the student information of John Mark Cuyos', '2024-11-23 11:05:25'),
(664, 1, ' has updated the student information of John Mark Cuyos', '2024-11-23 11:05:41'),
(665, 1, ' has logged in', '2024-11-24 12:07:49'),
(666, 1, ' has logged out', '2024-11-24 12:07:55'),
(667, 1, ' has logged in', '2024-11-24 12:19:08'),
(668, 1, ' has updated the employee information of Wilferd Jude Perante', '2024-11-24 12:28:04'),
(669, 1, ' has updated the account admin name admin admin', '2024-11-24 12:36:43'),
(670, 1, ' has logged in', '2024-11-25 21:49:52'),
(671, 1, ' has logged out', '2024-11-25 21:52:40'),
(672, 1, ' has logged in', '2024-11-26 18:37:11'),
(673, 1, ' has logged out', '2024-11-26 18:51:00'),
(674, 1, ' has logged in', '2024-11-26 18:51:08'),
(675, 1, ' has updated the student information of John Mark Cuyos', '2024-11-26 19:11:03'),
(676, 1, ' has updated the account admin name admin admin', '2024-11-26 19:25:47'),
(677, 1, ' has archived the account 2 name Staff Office', '2024-11-26 19:44:30'),
(678, 1, ' has unarchived the account 2 name Staff Office', '2024-11-26 19:45:05'),
(679, 1, ' has updated the student information of Nancy Castillo', '2024-11-26 19:48:21'),
(680, 1, ' has updated the vendor information of Glenda Gariando', '2024-11-26 19:48:56'),
(681, 1, ' has unarchived a visitor Ruthie Mae Quilaquil', '2024-11-26 19:49:22'),
(682, 1, ' has archived a visitor Ruthie Mae Quilaquil', '2024-11-26 19:49:52'),
(683, 1, ' has logged out', '2024-11-26 19:59:52'),
(684, 2, ' has logged in', '2024-11-26 20:00:04');
INSERT INTO `logs` (`id`, `user_id`, `action`, `timestamp`) VALUES
(685, 2, ' has logged out', '2024-11-26 20:01:12'),
(686, 1, ' has logged in', '2024-11-26 20:01:37'),
(687, 1, ' has logged out', '2024-11-26 20:02:06'),
(688, 1, ' has logged in', '2024-11-26 20:02:10'),
(689, 1, ' has logged out', '2024-11-26 20:07:00'),
(690, 1, ' has logged in', '2024-11-26 20:07:14'),
(691, 1, ' has updated the account admin name John Mark Cuyos', '2024-11-26 20:09:14'),
(692, 1, ' has logged out', '2024-11-26 20:09:22'),
(693, 7, ' has logged in', '2024-11-26 20:09:34'),
(694, 7, ' has logged out', '2024-11-26 20:13:19'),
(695, 1, ' has logged in', '2024-11-26 20:13:33'),
(696, 1, ' has logged out', '2024-11-26 20:14:19'),
(697, 1, ' has logged in', '2024-11-26 20:14:31'),
(698, 1, ' has logged out', '2024-11-26 20:14:39'),
(699, 7, ' has logged in', '2024-11-26 20:14:52'),
(700, 7, ' has logged out', '2024-11-26 20:15:17'),
(701, 2, ' has logged in', '2024-11-26 20:15:27'),
(702, 2, ' has logged out', '2024-11-26 20:15:52'),
(703, 7, ' has logged in', '2024-11-26 20:16:00'),
(704, 7, ' has logged out', '2024-11-26 20:16:48'),
(705, 1, ' has logged in', '2024-11-26 20:16:57'),
(706, 1, ' has logged out', '2024-11-26 20:17:20'),
(707, 7, ' has logged in', '2024-11-26 20:17:24'),
(708, 7, ' has updated the account admin name John Mark Cuyos', '2024-11-26 20:17:40'),
(709, 7, ' has updated the account admin name John Mark Cuyos', '2024-11-26 20:17:48'),
(710, 7, ' has logged out', '2024-11-26 20:18:06'),
(711, 2, ' has logged in', '2024-11-26 20:18:13'),
(712, 2, ' has logged out', '2024-11-26 20:22:33'),
(713, 7, ' has logged in', '2024-11-26 20:22:41'),
(714, 7, ' has logged out', '2024-11-26 20:22:52'),
(715, 1, ' has logged in', '2024-11-26 20:23:02'),
(716, 1, ' has logged out', '2024-11-26 20:25:27'),
(717, 2, ' has logged in', '2024-11-26 20:25:32'),
(718, 2, ' has logged out', '2024-11-26 20:25:43'),
(719, 7, ' has logged in', '2024-11-26 20:25:53'),
(720, 7, ' has logged out', '2024-11-26 20:27:03'),
(721, 1, ' has logged in', '2024-11-26 20:27:07'),
(722, 1, ' has updated the account  name admin admin', '2024-11-26 20:29:50'),
(723, 1, ' has logged out', '2024-11-26 20:30:21'),
(724, 1, ' has logged in', '2024-11-26 20:31:00'),
(725, 1, ' has updated the account  name admin admin', '2024-11-26 20:32:39'),
(726, 1, ' has updated the account  name admin admin', '2024-11-26 20:33:09'),
(727, 1, ' has updated the account  name admin admin', '2024-11-26 20:33:24'),
(728, 1, ' has updated the account  name admin admin', '2024-11-26 20:33:26'),
(729, 1, ' has updated the account  name admin admin', '2024-11-26 20:33:33'),
(730, 1, ' has updated the account  name admin admin', '2024-11-26 20:33:51'),
(731, 1, ' has updated the account  name admin admin', '2024-11-26 20:34:32'),
(732, 1, ' has updated the account  name admin admin', '2024-11-26 20:34:57'),
(733, 1, ' has archived a student Nancy Castillo', '2024-11-26 20:35:06'),
(734, 1, ' has unarchived a student Nancy Castillo', '2024-11-26 20:35:21'),
(735, 1, ' has updated the account  name admin admin', '2024-11-26 20:35:42'),
(736, 1, ' has updated the account  name admin admin', '2024-11-26 20:35:45'),
(737, 1, ' has updated the account  name admin admin', '2024-11-26 20:35:55'),
(738, 1, ' has updated the account  name admin admin', '2024-11-26 20:36:05'),
(739, 1, ' has updated the account  name admin admin', '2024-11-26 20:36:11'),
(740, 1, ' has updated the account  name admin admin', '2024-11-26 20:36:18'),
(741, 1, ' has updated the account  name admin admin', '2024-11-26 20:36:25'),
(742, 1, ' has updated the account  name admin admin', '2024-11-26 20:36:40'),
(743, 1, ' has updated the account  name admin admin', '2024-11-26 20:36:48'),
(744, 1, ' has updated the account  name admin admin', '2024-11-26 20:36:55'),
(745, 1, ' has updated the account  name admin admin', '2024-11-26 20:37:00'),
(746, 1, ' has updated the account  name admin admin', '2024-11-26 20:37:05'),
(747, 1, ' has updated the account  name admin admin', '2024-11-26 20:37:37'),
(748, 1, ' has archived an employee Wilferd Jude Perante', '2024-11-26 20:37:42'),
(749, 1, ' has updated the account  name admin admin', '2024-11-26 20:37:56'),
(750, 1, ' has updated the account  name admin admin', '2024-11-26 20:37:59'),
(751, 1, ' has updated the account  name admin admin', '2024-11-26 20:38:06'),
(752, 1, ' has updated the account  name admin admin', '2024-11-26 20:38:22'),
(753, 1, ' has updated the account  name admin admin', '2024-11-26 20:38:34'),
(754, 1, ' has updated the account  name admin admin', '2024-11-26 20:38:37'),
(755, 1, ' has updated the account  name admin admin', '2024-11-26 20:38:41'),
(756, 1, ' has updated the account  name admin admin', '2024-11-26 20:39:05'),
(757, 1, ' has updated the account  name admin admin', '2024-11-26 20:39:09'),
(758, 1, ' has updated the account  name admin admin', '2024-11-26 20:39:13'),
(759, 1, ' has updated the account  name admin admin', '2024-11-26 20:39:20'),
(760, 1, ' has updated the account  name admin admin', '2024-11-26 20:39:22'),
(761, 1, ' has updated the account  name admin admin', '2024-11-26 20:39:24'),
(762, 1, ' has updated the account  name admin admin', '2024-11-26 20:39:25'),
(763, 1, ' has updated the account  name admin admin', '2024-11-26 20:39:27'),
(764, 1, ' has updated the account  name admin admin', '2024-11-26 20:39:40'),
(765, 1, ' has updated the account  name admin admin', '2024-11-26 20:39:48'),
(766, 1, ' has updated the account  name admin admin', '2024-11-26 20:39:49'),
(767, 1, ' has updated the account  name admin admin', '2024-11-26 20:39:51'),
(768, 1, ' has logged out', '2024-11-26 20:39:57'),
(769, 1, ' has logged in', '2024-11-26 20:40:07'),
(770, 1, ' has updated the account  name admin admin', '2024-11-26 20:40:17'),
(771, 1, ' has updated the account  name admin admin', '2024-11-26 20:40:24'),
(772, 1, ' has updated the account  name admin admin', '2024-11-26 20:40:56'),
(773, 1, ' has updated the account  name admin admin', '2024-11-26 20:41:09'),
(774, 1, ' has updated the account  name admin admin', '2024-11-26 20:41:12'),
(775, 1, ' has logged out', '2024-11-26 20:41:15'),
(776, 1, ' has logged in', '2024-11-26 20:41:18'),
(777, 1, ' has logged out', '2024-11-26 20:41:53'),
(778, 1, ' has logged in', '2024-11-26 20:41:57'),
(779, 1, ' has updated the account  name admin admin', '2024-11-26 20:42:11'),
(780, 1, ' has updated the account  name admin admin', '2024-11-26 20:42:13'),
(781, 1, ' has updated the account  name admin admin', '2024-11-26 20:42:28'),
(782, 1, ' has updated the account  name admin admin', '2024-11-26 20:42:37'),
(783, 1, ' has updated the account  name admin admin', '2024-11-26 20:42:47'),
(784, 1, ' has updated the account  name admin admin', '2024-11-26 20:42:51'),
(785, 1, ' has updated the account  name admin admin', '2024-11-26 20:43:19'),
(786, 1, ' has updated the account  name admin admin', '2024-11-26 20:43:23'),
(787, 1, ' has logged out', '2024-11-26 20:45:38'),
(788, 7, ' has logged in', '2024-11-26 20:45:48'),
(789, 7, ' has logged out', '2024-11-26 20:46:49'),
(790, 7, ' has logged in', '2024-11-26 20:48:20'),
(791, 7, ' has created the wew in category', '2024-11-26 20:55:14'),
(792, 7, ' has deleted an employee type', '2024-11-26 20:55:18'),
(793, 7, ' has updated the Instructor III in category', '2024-11-26 20:56:26'),
(794, 7, ' has created the wew in category', '2024-11-26 20:56:30'),
(795, 7, ' has deleted an employee type', '2024-11-26 20:56:33'),
(796, 7, ' has updated the Instructor III in category', '2024-11-26 20:56:42'),
(797, 7, ' has created the wew in category', '2024-11-26 20:56:47'),
(798, 7, ' has deleted an employee type', '2024-11-26 20:56:50'),
(799, 7, ' has created the wew in category', '2024-11-26 20:57:05'),
(800, 7, ' has deleted an employee type', '2024-11-26 20:57:08'),
(801, 7, ' has logged out', '2024-11-26 20:57:43'),
(802, 1, ' has logged in', '2024-11-26 20:57:51'),
(803, 1, ' has updated the account  name admin admin', '2024-11-26 20:58:17'),
(804, 1, ' has created the aw in category', '2024-11-26 20:58:25'),
(805, 1, ' has deleted an employee type', '2024-11-26 20:58:28'),
(806, 1, ' has updated the employee information of Jamirah Abdullah', '2024-11-26 21:00:23'),
(807, 1, ' has logged out', '2024-11-26 21:18:34'),
(808, 2, ' has logged in', '2024-11-26 21:18:50'),
(809, 2, ' has logged out', '2024-11-26 21:20:30'),
(810, 1, ' has logged in', '2024-11-26 21:20:49'),
(811, 1, ' has logged out', '2024-11-26 21:21:41'),
(812, 7, ' has logged in', '2024-11-26 21:22:17'),
(813, 7, ' has logged in', '2024-11-27 18:20:53'),
(814, 7, ' has logged out', '2024-11-27 18:21:52'),
(815, 3, ' has logged in', '2024-11-27 18:21:57'),
(816, 3, ' has logged out', '2024-11-27 18:27:11'),
(817, 7, ' has logged in', '2024-11-27 18:29:47'),
(818, 7, ' has updated the student information of John Mark Cuyos', '2024-11-27 18:30:38'),
(819, 7, ' has logged out', '2024-11-27 18:32:21'),
(820, 7, ' has logged in', '2024-11-27 18:35:14'),
(821, 7, ' has updated the account admin name John Mark Cuyos', '2024-11-27 18:38:26'),
(822, 1, ' has logged in', '2024-11-27 18:42:10'),
(823, 1, ' has updated the account  name admin admin', '2024-11-27 18:42:20'),
(824, 1, ' has updated the employee information of Jamirah Abdullah', '2024-11-27 18:46:27'),
(825, 1, ' has updated the vendor information of Glenda Gariando', '2024-11-27 18:49:54'),
(826, 1, ' has unarchived a visitor Ruthie Mae Quilaquil', '2024-11-27 18:57:32'),
(827, 7, ' has logged in', '2024-11-27 19:00:24'),
(828, 7, 'generate a report with the Reference ID of 337857784', '2024-11-27 19:09:48'),
(829, 7, ' has logged out', '2024-11-27 19:15:12'),
(830, 1, ' has logged in', '2024-11-27 19:15:34'),
(831, 1, ' has updated the account  name admin admin', '2024-11-27 19:15:42'),
(832, 1, ' has logged out', '2024-11-27 19:15:49'),
(833, 7, ' has logged in', '2024-11-27 19:18:25'),
(834, 7, ' has logged out', '2024-11-27 19:18:36'),
(835, 3, ' has logged in', '2024-11-27 19:18:44'),
(836, 3, ' has logged out', '2024-11-27 19:19:11'),
(837, 2, ' has logged in', '2024-11-27 19:19:18'),
(838, 2, ' has logged out', '2024-11-27 19:19:35'),
(839, 7, ' has logged in', '2024-11-27 19:19:41'),
(840, 7, 'generate a report with the Reference ID of 737298764', '2024-11-27 19:22:28'),
(841, 7, ' has unarchived an employee Wilferd Jude Perante', '2024-11-27 19:25:19'),
(842, 7, ' has updated the employee information of Wilferd Jude Perante', '2024-11-27 19:25:41'),
(843, 7, ' has updated the employee information of Wilferd Jude Perante', '2024-11-27 19:25:52'),
(844, 7, ' has updated the student information of Nancy Castillo', '2024-11-27 19:26:53'),
(845, 3, ' has logged in', '2024-11-27 19:34:13'),
(846, 3, ' has updated the student information of Jackylyn Miro', '2024-11-27 19:55:19'),
(847, 3, 'generate a report with the Reference ID of 186151737', '2024-11-27 19:55:41'),
(848, 3, 'generate a report with the Reference ID of 699787363', '2024-11-27 19:55:55'),
(849, 3, ' has updated the account staff name Staff Office', '2024-11-27 19:56:31'),
(850, 3, ' has logged out', '2024-11-27 19:56:38'),
(851, 1, ' has logged in', '2024-11-27 19:56:43'),
(852, 1, ' has created an account admin name Myname Givenname', '2024-11-27 19:59:02'),
(853, 1, ' has updated the vendor information of Imelda Bermejo', '2024-11-27 20:00:24'),
(854, 1, ' has logged out', '2024-11-27 20:16:53'),
(855, 7, ' has logged in', '2024-11-28 13:43:50'),
(856, 7, ' has updated the account admin name John Mark Cuyos', '2024-11-28 13:45:33'),
(857, 7, ' has logged out', '2024-11-28 13:45:54'),
(858, 1, ' has logged in', '2024-11-28 13:46:00'),
(859, 1, ' has logged out', '2024-11-28 13:46:34'),
(860, 2, ' has logged in', '2024-11-28 13:46:42'),
(861, 2, ' has logged out', '2024-11-28 13:47:53'),
(862, 7, ' has logged in', '2024-11-28 13:49:25'),
(863, 7, ' has logged out', '2024-11-28 13:49:34'),
(864, 1, ' has logged in', '2024-11-28 13:49:39'),
(865, 1, ' has logged in', '2024-11-28 14:03:01'),
(866, 1, ' has logged out', '2024-11-28 14:09:41'),
(867, 7, ' has logged in', '2024-11-28 17:05:01'),
(868, 7, ' has updated the employee information of Wilferd Jude Perante', '2024-11-28 17:05:43'),
(869, 7, ' has logged out', '2024-11-28 17:06:28'),
(870, 1, ' has logged in', '2024-11-28 23:20:10'),
(871, 1, ' has logged out', '2024-11-28 23:23:07'),
(872, 7, ' has logged in', '2024-11-28 23:26:59'),
(873, 7, ' has logged out', '2024-11-28 23:27:11'),
(874, 7, ' has logged in', '2024-11-29 12:58:11'),
(875, 7, ' has logged out', '2024-11-29 12:58:18'),
(876, 2, ' has logged in', '2024-11-29 12:58:30'),
(877, 2, ' has logged out', '2024-11-29 13:01:26'),
(878, 1, ' has logged in', '2024-11-29 13:01:38'),
(879, 1, ' has logged out', '2024-11-29 15:13:27'),
(880, 7, ' has logged in', '2024-11-29 15:16:18'),
(881, 2, ' has logged in', '2024-11-29 15:21:30'),
(882, 2, ' has logged out', '2024-11-29 15:22:49'),
(883, 2, ' has logged in', '2024-11-29 15:22:54'),
(884, 2, ' has logged out', '2024-11-29 16:07:20'),
(885, 1, ' has logged in', '2024-11-29 16:07:25'),
(886, 1, ' has logged out', '2024-11-29 16:08:48'),
(887, 2, ' has logged in', '2024-11-29 16:08:55'),
(888, 2, ' has logged out', '2024-11-29 16:12:32'),
(889, 1, ' has logged in', '2024-11-29 16:12:37'),
(890, 1, ' has updated the account  name admin admin', '2024-11-29 16:19:20'),
(891, 1, ' has logged out', '2024-11-29 16:21:17'),
(892, 2, ' has logged in', '2024-11-29 16:21:25'),
(893, 2, ' has logged out', '2024-11-29 16:21:43'),
(894, 3, ' has logged in', '2024-11-29 16:21:49'),
(895, 3, ' has logged out', '2024-11-29 16:25:47'),
(896, 7, ' has logged in', '2024-11-29 16:38:45'),
(897, 7, ' has updated the account admin name John Mark Cuyos', '2024-11-29 16:39:05'),
(898, 7, ' has logged out', '2024-11-29 16:41:55'),
(899, 1, ' has logged in', '2024-11-29 16:43:12'),
(900, 1, ' has logged out', '2024-11-29 16:43:27'),
(901, 1, ' has logged in', '2024-11-29 16:43:35'),
(902, 1, ' has logged out', '2024-11-29 16:52:46'),
(903, 7, ' has logged in', '2024-11-29 16:56:10'),
(904, 7, ' has updated the employee information of Wilferd Jude Perante', '2024-11-29 16:57:28'),
(905, 7, ' has updated the employee information of Wilferd Jude Perante', '2024-11-29 16:57:50'),
(906, 7, ' has logged out', '2024-11-29 16:59:05'),
(907, 1, ' has logged in', '2024-11-29 16:59:30'),
(908, 1, ' has logged out', '2024-11-29 17:06:17'),
(909, 7, ' has logged in', '2024-11-29 17:10:11'),
(910, 1, ' has logged in', '2024-11-29 17:56:01'),
(911, 1, ' has logged out', '2024-11-29 17:56:12'),
(912, 1, ' has logged in', '2024-11-29 17:57:16'),
(913, 1, ' has logged out', '2024-11-29 17:58:10'),
(914, 1, ' has logged in', '2024-11-29 17:58:36'),
(915, 1, ' has logged out', '2024-11-29 17:59:03'),
(917, 1, ' has logged in', '2024-11-29 17:59:41'),
(918, 1, ' has logged out', '2024-11-29 17:59:45'),
(919, 1, ' has logged in', '2024-11-29 18:00:31'),
(920, 1, ' has logged out', '2024-11-29 18:00:35'),
(921, 1, ' has logged in', '2024-11-29 18:01:14'),
(922, 1, ' has logged out', '2024-11-29 18:01:16'),
(923, 1, ' has logged in', '2024-11-29 18:01:51'),
(924, 1, ' has logged out', '2024-11-29 18:01:53'),
(925, 1, ' has logged in', '2024-11-29 18:03:05'),
(926, 1, ' has logged out', '2024-11-29 18:03:12'),
(927, 7, ' has logged in', '2024-11-29 18:04:38'),
(928, 7, ' has logged out', '2024-11-29 18:05:59'),
(929, 1, ' has logged in', '2024-11-29 18:08:13'),
(930, 1, ' has logged out', '2024-11-29 18:18:04'),
(931, 1, ' has logged in', '2024-11-29 18:18:15'),
(932, 1, ' has logged in', '2024-11-29 18:30:11'),
(933, 1, ' has logged out', '2024-11-29 18:34:36'),
(934, 1, ' has logged in', '2024-11-29 19:10:32'),
(935, 1, ' has logged out', '2024-11-29 19:11:13'),
(936, 7, ' has logged in', '2024-11-29 19:11:21'),
(937, 7, ' has logged out', '2024-11-29 19:11:38'),
(938, 1, ' has logged in', '2024-11-29 19:11:48'),
(939, 1, ' has logged out', '2024-11-29 19:12:21'),
(940, 1, ' has logged in', '2024-11-29 19:23:21'),
(941, 1, ' has logged out', '2024-11-29 19:27:38'),
(942, 2, ' has logged in', '2024-11-29 21:38:01'),
(943, 1, ' has logged in', '2024-11-29 22:37:55'),
(944, 1, ' has logged out', '2024-11-29 22:59:56'),
(945, 7, ' has logged in', '2024-11-29 23:02:25'),
(946, 7, ' has logged out', '2024-11-29 23:02:36'),
(947, 1, ' has logged in', '2024-11-29 23:02:44'),
(948, 1, ' has updated the account  name admin admin', '2024-11-29 23:02:51'),
(949, 1, ' has updated the account  name admin admin', '2024-11-29 23:03:20'),
(950, 1, ' has updated the employee information of Wilferd Jude Perante', '2024-11-29 23:20:37'),
(951, 1, 'generate a report with the Reference ID of 406265075', '2024-11-29 23:23:50'),
(952, 1, 'generate a report with the Reference ID of 440863746', '2024-11-29 23:24:23'),
(953, 1, ' has logged out', '2024-11-30 00:00:45'),
(954, 7, ' has logged in', '2024-11-30 00:00:48'),
(955, 7, ' has logged out', '2024-11-30 00:02:16'),
(956, 1, ' has logged in', '2024-11-30 00:17:42'),
(957, 1, ' has logged out', '2024-11-30 00:18:59'),
(958, 7, ' has logged in', '2024-11-30 00:19:37'),
(959, 7, ' has logged out', '2024-11-30 00:20:51'),
(960, 2, ' has logged in', '2024-11-30 00:22:53'),
(961, 2, ' has logged out', '2024-11-30 00:25:01'),
(962, 1, ' has logged in', '2024-11-30 10:58:20'),
(963, 1, ' has logged out', '2024-11-30 11:00:22'),
(964, 1, ' has logged in', '2024-11-30 11:05:58'),
(965, 1, ' has logged out', '2024-11-30 11:06:19'),
(966, 8, ' has logged in', '2024-11-30 11:06:32'),
(967, 8, ' has logged out', '2024-11-30 11:53:31'),
(968, 1, ' has logged in', '2024-11-30 11:53:39'),
(969, 1, ' has updated the account  name admin admin', '2024-11-30 11:58:51'),
(970, 1, ' has updated the account  name admin admin', '2024-11-30 12:07:22'),
(971, 1, ' has logged in', '2024-11-30 15:38:48'),
(972, 1, ' has logged out', '2024-11-30 15:40:09'),
(973, 2, ' has logged in', '2024-11-30 15:40:18'),
(974, 2, ' has logged out', '2024-11-30 15:43:24'),
(975, 1, ' has logged in', '2024-11-30 15:44:00'),
(976, 1, ' has logged in', '2024-11-30 15:48:36'),
(977, 1, ' has logged out', '2024-11-30 15:49:16'),
(978, 1, ' has logged in', '2024-11-30 15:53:34'),
(979, 1, ' has registered new employee wew wewwwww', '2024-11-30 15:58:08'),
(980, 1, ' has created an account staff name wew wew', '2024-11-30 16:00:26'),
(981, 1, ' has archived the account 2 name wew wew', '2024-11-30 16:08:06'),
(982, 1, ' has created an account staff name ACC adasd', '2024-11-30 16:08:30'),
(983, 1, ' has archived an employee wew wewwwww', '2024-11-30 16:10:18'),
(984, 1, ' has unarchived a visitor Juanna Royeras', '2024-11-30 16:10:32'),
(985, 1, ' has archived the account 2 name ACC adasd', '2024-11-30 16:10:43'),
(986, 1, ' has archived the account 3 name Security Personnel', '2024-11-30 16:17:15'),
(987, 1, ' has unarchived the account 3 name Security Personnel', '2024-11-30 16:17:27'),
(988, 1, ' has archived the account of John Mark Cuyos', '2024-11-30 16:18:49'),
(989, 1, ' has archived an employee Wilferd Jude Perante', '2024-11-30 16:18:59'),
(990, 1, ' has unarchived the account of John Mark Cuyos', '2024-11-30 16:20:16'),
(991, 1, ' has archived the account of John Mark Cuyos', '2024-11-30 16:20:31'),
(992, 1, ' has unarchived the account of John Mark Cuyos', '2024-11-30 16:20:39'),
(993, 1, ' has logged out', '2024-11-30 16:21:33'),
(994, 1, ' has logged in', '2024-11-30 16:22:08'),
(995, 1, ' has logged out', '2024-11-30 16:25:08'),
(996, 1, ' has logged in', '2024-11-30 16:28:07'),
(997, 1, ' has logged in', '2024-12-01 11:54:59'),
(998, 1, ' has logged in', '2024-12-01 15:21:25'),
(999, 1, ' has logged in', '2024-12-01 15:24:29'),
(1000, 1, ' has updated the student information of John Mark Cuyos', '2024-12-01 15:31:16'),
(1001, 1, ' has updated the student information of John Mark Cuyos', '2024-12-01 15:31:33'),
(1002, 1, ' has logged in', '2024-12-01 15:32:10'),
(1003, 1, ' has updated the student information of John Mark Cuyos', '2024-12-01 15:45:25'),
(1004, 1, ' has updated the employee information of Jamirah Abdullah', '2024-12-01 16:01:43'),
(1005, 1, ' has logged out', '2024-12-01 16:04:47'),
(1006, 7, ' has logged in', '2024-12-01 16:04:51'),
(1007, 7, ' has unarchived an employee Wilferd Jude Perante', '2024-12-01 16:06:10'),
(1008, 7, ' archived the employee data of Wilferd Jude Perante', '2024-12-01 16:08:23'),
(1009, 7, ' unarchived the employee data of Wilferd Jude Perante', '2024-12-01 16:11:12'),
(1010, 7, ' has updated the employee information of Wilferd Jude Perante', '2024-12-01 16:11:38'),
(1011, 7, 'generate a report with the Reference ID of 309632225', '2024-12-01 16:12:07'),
(1012, 7, 'generate a report with the Reference ID of 785412894', '2024-12-01 16:14:02'),
(1013, 7, ' has logged out', '2024-12-01 16:17:10'),
(1014, 1, ' has logged in', '2024-12-02 10:54:50'),
(1015, 1, ' unarchived the employee data of wew wew', '2024-12-02 11:31:34'),
(1016, 1, ' archived the employee data of wew wew', '2024-12-02 11:31:45'),
(1017, 1, ' unarchived the employee data of aw wewa', '2024-12-02 11:39:40'),
(1018, 1, ' archived the employee data of aw wewa', '2024-12-02 11:40:02'),
(1019, 1, ' has logged out', '2024-12-02 11:40:05'),
(1020, 1, ' has logged in', '2024-12-02 11:41:18'),
(1021, 1, ' has logged out', '2024-12-02 11:41:20'),
(1022, 1, ' has logged in', '2024-12-02 11:42:09'),
(1023, 1, ' has logged out', '2024-12-02 11:51:47'),
(1024, 1, ' has logged in', '2024-12-04 23:02:09'),
(1025, 1, ' has logged in', '2024-12-06 18:15:41'),
(1026, 1, ' has logged out', '2024-12-06 18:18:01'),
(1027, 1, ' has logged in', '2024-12-06 18:18:38'),
(1028, 1, ' has updated the account  name admin admin', '2024-12-06 18:23:23'),
(1029, 1, ' has logged out', '2024-12-06 18:23:26'),
(1030, 7, ' has logged in', '2024-12-06 18:25:24'),
(1031, 7, ' has logged out', '2024-12-06 18:26:21'),
(1032, 2, ' has logged in', '2024-12-06 18:26:31'),
(1033, 2, ' has logged out', '2024-12-06 18:27:11'),
(1034, 1, ' has logged in', '2024-12-06 20:47:07'),
(1035, 1, ' has updated the employee information of Wilferd Jude Perante', '2024-12-06 20:47:23'),
(1036, 1, ' has logged in', '2024-12-06 20:49:25'),
(1037, 1, ' has logged out', '2024-12-06 20:52:08'),
(1038, 1, ' has logged in', '2024-12-06 21:04:13'),
(1039, 1, ' has logged out', '2024-12-06 21:07:52'),
(1040, 1, ' has logged in', '2024-12-06 21:10:06'),
(1041, 1, ' has logged out', '2024-12-06 21:10:37'),
(1042, 1, ' has logged in', '2024-12-06 21:13:09'),
(1043, 1, ' has logged out', '2024-12-06 21:13:23'),
(1044, 1, ' has logged in', '2024-12-06 21:15:50'),
(1045, 1, ' has logged in', '2024-12-08 11:47:13'),
(1046, 1, ' has logged in', '2024-12-08 13:32:26'),
(1047, 1, ' has logged in', '2024-12-08 23:45:02'),
(1048, 1, ' has updated the account  name admin admin', '2024-12-08 23:53:53'),
(1049, 1, ' has logged out', '2024-12-08 23:57:09'),
(1050, 1, ' has logged in', '2024-12-12 02:28:05'),
(1051, 1, ' has logged out', '2024-12-12 02:29:10'),
(1052, 1, ' has logged in', '2024-12-13 15:18:40'),
(1053, 1, 'generate a report with the Reference ID of 171046448', '2024-12-13 15:19:02'),
(1054, 1, 'generate a report with the Reference ID of 457394049', '2024-12-13 15:19:22'),
(1055, 1, 'generate a report with the Reference ID of 690120067', '2024-12-13 15:28:59'),
(1056, 1, ' has logged out', '2024-12-13 16:13:32'),
(1057, 1, ' has logged in', '2024-12-13 16:13:44'),
(1058, 1, ' has updated the account admin name Myname Givenname', '2024-12-13 16:19:38'),
(1059, 1, ' has logged out', '2024-12-13 16:23:22'),
(1060, 1, ' has logged in', '2024-12-14 19:06:54'),
(1061, 1, ' has logged out', '2024-12-14 19:12:14'),
(1062, 2, ' has logged in', '2024-12-14 19:12:32'),
(1063, 2, ' has logged out', '2024-12-14 19:13:12'),
(1064, 3, ' has logged in', '2024-12-14 19:13:18'),
(1065, 3, ' has logged out', '2024-12-14 19:16:56'),
(1066, 1, ' has logged in', '2024-12-14 19:17:00'),
(1067, 1, ' has logged out', '2024-12-14 19:17:03'),
(1068, 7, ' has logged in', '2024-12-14 19:17:23'),
(1069, 7, ' has logged out', '2024-12-14 19:19:00'),
(1070, 1, ' has logged in', '2024-12-19 00:22:28'),
(1071, 7, ' has logged in', '2024-12-20 11:53:56'),
(1072, 7, ' has logged out', '2024-12-20 11:54:04'),
(1073, 7, ' has logged in', '2024-12-20 12:09:07'),
(1074, 7, ' has logged out', '2024-12-20 12:10:33'),
(1075, 7, ' has logged in', '2025-01-06 14:20:37'),
(1076, 7, ' has logged out', '2025-01-06 14:25:33'),
(1077, 7, ' has logged in', '2025-01-13 18:24:15'),
(1078, 7, ' has logged out', '2025-01-13 18:30:09'),
(1079, 2, ' has logged in', '2025-01-14 10:25:33'),
(1080, 2, ' has updated the visitor information of Ruthie Mae Quilaquil', '2025-01-14 10:33:57'),
(1081, 2, ' has logged out', '2025-01-14 10:34:33'),
(1082, 7, ' has logged in', '2025-02-02 20:19:19'),
(1083, 7, ' has logged out', '2025-02-02 20:19:59'),
(1084, 2, ' has logged in', '2025-02-02 20:20:11'),
(1085, 2, ' has logged out', '2025-02-02 20:21:08'),
(1086, 2, ' has logged in', '2025-02-02 20:23:01'),
(1087, 2, ' has logged out', '2025-02-02 20:26:41'),
(1088, 2, ' has logged in', '2025-02-02 20:26:50'),
(1089, 2, ' has logged out', '2025-02-02 20:28:37'),
(1090, 7, ' has logged in', '2025-02-05 20:18:12'),
(1091, 7, ' has logged out', '2025-02-05 20:25:24'),
(1092, 7, ' has logged in', '2025-02-05 20:47:15'),
(1093, 7, ' has updated the account admin name John Mark Cuyos', '2025-02-05 20:49:00'),
(1094, 7, ' has logged out', '2025-02-05 20:51:50'),
(1095, 7, ' has logged in', '2025-02-06 20:38:04'),
(1096, 7, ' has logged out', '2025-02-06 20:39:38'),
(1097, 7, ' has logged in', '2025-02-06 20:45:19'),
(1098, 7, ' has logged out', '2025-02-06 20:47:38'),
(1099, 2, ' has logged in', '2025-02-06 20:47:46');

-- --------------------------------------------------------

--
-- Table structure for table `program`
--

CREATE TABLE `program` (
  `id` int(11) NOT NULL,
  `dept_id` int(11) NOT NULL,
  `prog_name` varchar(255) NOT NULL
) ENGINE=InnoDB DEFAULT CHARSET=utf8mb4 COLLATE=utf8mb4_general_ci;

--
-- Dumping data for table `program`
--

INSERT INTO `program` (`id`, `dept_id`, `prog_name`) VALUES
(20, 25, 'Bachelor of Science in Information Technology'),
(21, 26, 'Bachelor of Science in Mechanical Engineering'),
(22, 25, 'Bachelor of Science in Industrial Engineering'),
(23, 26, 'Bachelor of Science in Civil Engineering'),
(24, 26, 'Bachelor of Science in Electronics Engineering'),
(25, 28, 'Bachelor of Science in Hospitality Management');

-- --------------------------------------------------------

--
-- Table structure for table `records`
--

CREATE TABLE `records` (
  `id` int(11) NOT NULL,
  `record_id` int(11) NOT NULL,
  `record_table` varchar(255) NOT NULL,
  `record_date` date DEFAULT NULL,
  `timein` time DEFAULT NULL,
  `timeout` time DEFAULT NULL
) ENGINE=InnoDB DEFAULT CHARSET=utf8mb4 COLLATE=utf8mb4_general_ci;

--
-- Dumping data for table `records`
--

INSERT INTO `records` (`id`, `record_id`, `record_table`, `record_date`, `timein`, `timeout`) VALUES
(2, 4, 'vendor', '2024-11-04', '05:57:13', '16:32:52'),
(4, 3, 'vendor', '2024-11-04', '06:17:44', NULL),
(5, 2, 'vendor', '2024-11-04', '06:21:18', '06:51:46'),
(6, 1, 'vendor', '2024-11-04', '06:21:21', NULL),
(7, 1, 'visitor', '2024-11-04', '06:27:17', '07:59:09'),
(8, 2, 'visitor', '2024-11-04', '06:27:20', '07:59:13'),
(9, 2, 'vendor', '2024-11-04', NULL, '06:51:55'),
(10, 82, 'student', '2024-11-04', '07:08:58', '08:58:49'),
(11, 120, 'student', '2024-11-04', '07:23:15', NULL),
(12, 2, 'vendor', '2024-11-04', '07:29:00', '09:23:32'),
(13, 56, 'student', '2024-11-04', '07:45:05', NULL),
(14, 2, 'employee', '2024-11-04', '07:45:17', '00:00:00'),
(15, 2, 'employee', '2024-11-04', '07:45:26', '00:00:00'),
(16, 2, 'employee', '2024-11-04', '07:45:36', '17:00:06'),
(17, 9, 'employee', '2024-11-04', '07:53:48', '12:43:37'),
(18, 5, 'employee', '2024-11-04', '08:01:26', '17:01:03'),
(19, 70, 'student', '2024-11-04', '08:20:09', NULL),
(20, 71, 'student', '2024-11-04', '08:23:07', '11:05:05'),
(21, 114, 'student', '2024-11-04', '08:37:22', '10:20:55'),
(22, 59, 'student', '2024-11-04', '08:38:20', NULL),
(23, 52, 'student', '2024-11-04', '09:00:04', '13:10:44'),
(24, 32, 'student', '2024-11-04', '09:08:05', '09:40:57'),
(25, 116, 'student', '2024-11-04', '09:11:37', NULL),
(26, 61, 'student', '2024-11-04', '09:12:28', '09:30:47'),
(27, 75, 'student', '2024-11-04', '09:14:31', '10:39:48'),
(28, 89, 'student', '2024-11-04', '09:14:35', NULL),
(29, 113, 'student', '2024-11-04', '09:15:14', '10:39:51'),
(30, 90, 'student', '2024-11-04', '09:16:49', NULL),
(31, 107, 'student', '2024-11-04', '09:16:52', '11:05:27'),
(32, 112, 'student', '2024-11-04', '09:19:21', NULL),
(33, 64, 'student', '2024-11-04', '09:19:25', '00:00:00'),
(34, 102, 'student', '2024-11-04', '09:28:13', '00:00:00'),
(35, 102, 'student', '2024-11-04', '09:28:25', '10:33:56'),
(36, 61, 'student', '2024-11-04', '09:31:29', '16:41:31'),
(37, 25, 'student', '2024-11-04', '09:38:23', '00:00:00'),
(38, 25, 'student', '2024-11-04', '09:38:24', '11:04:40'),
(39, 32, 'student', '2024-11-04', '09:41:08', '16:35:15'),
(40, 105, 'student', '2024-11-04', '09:46:52', '11:03:46'),
(41, 2, 'vendor', '2024-11-04', '09:57:24', '13:26:10'),
(42, 115, 'student', '2024-11-04', '09:58:09', '10:24:20'),
(44, 72, 'student', '2024-11-04', '10:27:53', '10:28:03'),
(45, 2, 'student', '2024-11-04', '10:35:28', NULL),
(46, 96, 'student', '2024-11-04', '10:38:13', '16:45:20'),
(47, 4, 'student', '2024-11-04', '10:43:51', NULL),
(49, 121, 'student', '2024-11-04', '10:57:06', '10:57:58'),
(50, 3, 'employee', '2024-11-04', '11:02:11', '17:01:23'),
(51, 95, 'student', '2024-11-04', '11:04:22', NULL),
(52, 64, 'student', '2024-11-04', '11:04:32', '11:04:36'),
(53, 107, 'student', '2024-11-04', NULL, '11:05:31'),
(54, 107, 'student', '2024-11-04', NULL, '11:05:33'),
(55, 73, 'student', '2024-11-04', NULL, '11:05:36'),
(56, 3, 'student', '2024-11-04', '11:10:15', NULL),
(57, 7, 'student', '2024-11-04', '11:28:39', NULL),
(58, 108, 'student', '2024-11-04', '11:44:03', '16:02:45'),
(59, 24, 'student', '2024-11-04', '11:54:16', NULL),
(60, 82, 'student', '2024-11-04', '12:12:04', '13:46:36'),
(61, 97, 'student', '2024-11-04', '12:17:07', NULL),
(62, 10, 'student', '2024-11-04', '12:31:11', '16:10:13'),
(63, 6, 'student', '2024-11-04', '12:31:16', '16:10:49'),
(65, 22, 'student', '2024-11-04', '13:29:32', '16:06:02'),
(66, 103, 'student', '2024-11-04', '13:37:24', '15:42:10'),
(67, 51, 'student', '2024-11-04', '13:37:47', '14:29:21'),
(68, 41, 'student', '2024-11-04', '13:37:56', '14:26:47'),
(69, 57, 'student', '2024-11-04', '16:05:35', NULL),
(70, 42, 'student', '2024-11-04', '16:10:21', '16:36:38'),
(71, 66, 'student', '2024-11-04', '16:13:30', '16:13:40'),
(72, 78, 'student', '2024-11-04', '16:20:53', NULL),
(73, 9, 'employee', '2024-11-04', NULL, '17:00:29'),
(77, 1, 'vendor', '2024-11-05', '06:25:07', '09:43:18'),
(78, 2, 'vendor', '2024-11-05', '06:27:25', NULL),
(79, 93, 'student', '2024-11-05', '06:42:37', NULL),
(80, 2, 'student', '2024-11-05', '06:45:57', NULL),
(81, 4, 'student', '2024-11-05', '06:55:15', NULL),
(82, 96, 'student', '2024-11-05', '06:57:59', NULL),
(83, 90, 'student', '2024-11-05', '07:06:32', NULL),
(84, 97, 'student', '2024-11-05', '07:06:45', '11:31:02'),
(85, 3, 'employee', '2024-11-05', '07:07:33', NULL),
(86, 79, 'student', '2024-11-05', '07:10:12', '12:07:12'),
(87, 91, 'student', '2024-11-05', '07:16:18', NULL),
(88, 52, 'student', '2024-11-05', '07:23:28', '10:42:39'),
(89, 72, 'student', '2024-11-05', '07:30:19', NULL),
(90, 82, 'student', '2024-11-05', '07:31:13', '10:49:02'),
(91, 70, 'student', '2024-11-05', '07:31:57', NULL),
(92, 71, 'student', '2024-11-05', '07:41:07', NULL),
(94, 5, 'employee', '2024-11-05', '07:51:56', NULL),
(95, 56, 'student', '2024-11-05', '07:59:14', '09:43:35'),
(96, 107, 'student', '2024-11-05', '07:59:38', '09:51:27'),
(97, 39, 'student', '2024-11-05', '08:01:18', '15:18:49'),
(98, 9, 'employee', '2024-11-05', '08:02:44', NULL),
(99, 4, 'employee', '2024-11-05', '08:04:57', NULL),
(100, 24, 'student', '2024-11-05', '08:09:30', NULL),
(101, 89, 'student', '2024-11-05', '08:15:10', NULL),
(102, 117, 'student', '2024-11-05', '08:16:11', '15:19:03'),
(103, 75, 'student', '2024-11-05', '08:39:19', '09:33:52'),
(104, 88, 'student', '2024-11-05', '08:43:21', NULL),
(105, 5, 'student', '2024-11-05', '08:43:27', NULL),
(106, 10, 'student', '2024-11-05', '08:47:42', NULL),
(107, 6, 'student', '2024-11-05', '08:47:45', NULL),
(108, 25, 'student', '2024-11-05', '08:49:10', '11:11:43'),
(110, 105, 'student', '2024-11-05', '09:06:25', '14:39:05'),
(111, 78, 'student', '2024-11-05', '09:07:09', '14:13:37'),
(112, 115, 'student', '2024-11-05', '09:12:06', '12:46:47'),
(113, 7, 'student', '2024-11-05', '09:13:51', NULL),
(114, 9, 'student', '2024-11-05', '09:20:27', NULL),
(115, 60, 'student', '2024-11-05', '09:28:39', NULL),
(116, 116, 'student', '2024-11-05', '09:29:25', NULL),
(118, 77, 'student', '2024-11-05', '09:37:54', '10:43:28'),
(119, 32, 'student', '2024-11-05', '09:41:04', '11:22:05'),
(120, 34, 'student', '2024-11-05', '09:53:20', '12:52:36'),
(121, 1, 'vendor', '2024-11-05', '10:08:07', NULL),
(122, 64, 'student', '2024-11-05', NULL, '10:41:30'),
(123, 27, 'student', '2024-11-05', NULL, '10:41:36'),
(124, 26, 'student', '2024-11-05', NULL, '10:41:38'),
(127, 68, 'student', '2024-11-05', '10:52:21', NULL),
(128, 60, 'student', '2024-11-05', '10:52:46', NULL),
(131, 56, 'student', '2024-11-05', '11:02:12', NULL),
(143, 123, 'student', '2024-11-05', '11:21:57', '11:22:47'),
(144, 45, 'student', '2024-11-05', '11:22:21', '13:20:07'),
(146, 32, 'student', '2024-11-05', NULL, '11:23:33'),
(148, 32, 'student', '2024-11-05', NULL, '11:24:34'),
(149, 32, 'student', '2024-11-05', '11:24:53', '11:25:45'),
(152, 85, 'student', '2024-11-05', '11:58:56', NULL),
(153, 57, 'student', '2024-11-05', '12:12:23', '12:12:36'),
(154, 55, 'student', '2024-11-05', NULL, '12:12:53'),
(155, 86, 'student', '2024-11-05', '12:35:30', NULL),
(156, 68, 'student', '2024-11-05', '12:45:26', NULL),
(157, 87, 'student', '2024-11-05', '12:45:35', NULL),
(158, 60, 'student', '2024-11-05', '12:45:37', NULL),
(159, 5, 'employee', '2024-11-05', '12:47:33', NULL),
(160, 57, 'student', '2024-11-05', '12:58:28', '13:15:38'),
(161, 25, 'student', '2024-11-05', '13:01:26', NULL),
(162, 61, 'student', '2024-11-05', NULL, '13:05:49'),
(163, 9, 'student', '2024-11-05', '13:09:20', NULL),
(164, 19, 'student', '2024-11-05', '13:09:54', NULL),
(165, 46, 'student', '2024-11-05', '13:10:00', NULL),
(166, 61, 'student', '2024-11-05', '13:10:07', NULL),
(167, 125, 'student', '2024-11-05', '13:11:47', NULL),
(168, 52, 'student', '2024-11-05', '13:13:06', '16:52:58'),
(169, 123, 'student', '2024-11-05', '13:19:51', '13:20:05'),
(170, 77, 'student', '2024-11-05', '13:22:05', '16:47:02'),
(171, 45, 'student', '2024-11-05', '13:35:49', '00:00:00'),
(173, 103, 'student', '2024-11-05', '13:49:03', '16:47:13'),
(174, 45, 'student', '2024-11-05', '14:01:39', '14:05:47'),
(175, 80, 'student', '2024-11-05', '14:07:25', '14:39:17'),
(178, 45, 'student', '2024-11-05', NULL, '14:10:58'),
(179, 124, 'student', '2024-11-05', '14:17:26', '14:22:04'),
(180, 115, 'student', '2024-11-05', '14:17:56', '14:22:08'),
(181, 96, 'student', '2024-11-05', '14:21:55', NULL),
(182, 83, 'student', '2024-11-05', NULL, '14:39:25'),
(183, 17, 'student', '2024-11-05', '15:38:39', NULL),
(184, 102, 'student', '2024-11-05', '15:45:38', NULL),
(185, 3, 'student', '2024-11-05', '15:48:50', NULL),
(186, 51, 'student', '2024-11-05', '16:10:02', '16:26:04'),
(199, 82, 'student', '2024-11-06', '06:31:01', '07:34:07'),
(200, 2, 'student', '2024-11-06', '06:34:08', '16:55:48'),
(201, 96, 'student', '2024-11-06', '06:43:28', '13:52:09'),
(203, 92, 'student', '2024-11-06', '06:50:22', NULL),
(204, 97, 'student', '2024-11-06', '07:02:04', NULL),
(205, 91, 'student', '2024-11-06', '07:06:44', '16:55:22'),
(206, 4, 'student', '2024-11-06', '07:07:47', '09:22:26'),
(207, 52, 'student', '2024-11-06', '07:08:58', '07:34:08'),
(208, 90, 'student', '2024-11-06', '07:18:40', NULL),
(209, 3, 'student', '2024-11-06', '07:18:47', NULL),
(210, 2, 'vendor', '2024-11-06', '07:40:20', NULL),
(211, 3, 'employee', '2024-11-06', '07:43:38', NULL),
(212, 5, 'employee', '2024-11-06', '07:58:07', NULL),
(213, 56, 'student', '2024-11-06', '07:59:11', NULL),
(214, 78, 'student', '2024-11-06', '08:16:49', NULL),
(215, 20, 'student', '2024-11-06', '08:22:46', NULL),
(216, 71, 'student', '2024-11-06', '08:27:54', NULL),
(217, 89, 'student', '2024-11-06', '08:27:56', NULL),
(218, 68, 'student', '2024-11-06', '08:29:42', NULL),
(219, 61, 'student', '2024-11-06', '08:31:28', NULL),
(220, 127, 'student', '2024-11-06', '08:31:33', NULL),
(221, 70, 'student', '2024-11-06', '08:33:40', NULL),
(222, 116, 'student', '2024-11-06', '08:38:32', '09:04:37'),
(223, 105, 'student', '2024-11-06', '08:41:47', '09:54:58'),
(224, 80, 'student', '2024-11-06', '08:43:46', '11:07:50'),
(225, 85, 'student', '2024-11-06', '08:45:28', '13:33:49'),
(226, 39, 'student', '2024-11-06', '08:49:49', '10:32:56'),
(227, 50, 'student', '2024-11-06', '08:57:13', '12:26:45'),
(228, 4, 'employee', '2024-11-06', '08:58:39', NULL),
(229, 42, 'student', '2024-11-06', '09:08:15', '09:41:11'),
(230, 124, 'student', '2024-11-06', '09:09:14', NULL),
(231, 113, 'student', '2024-11-06', '09:10:00', NULL),
(232, 25, 'student', '2024-11-06', '09:12:17', '15:27:47'),
(233, 115, 'student', '2024-11-06', '09:17:41', NULL),
(234, 95, 'student', '2024-11-06', '09:22:06', '09:22:23'),
(235, 117, 'student', '2024-11-06', '09:23:30', '00:00:00'),
(236, 75, 'student', '2024-11-06', '09:27:46', '11:48:29'),
(237, 9, 'student', '2024-11-06', '09:41:51', NULL),
(238, 33, 'student', '2024-11-06', '09:47:26', NULL),
(239, 64, 'student', '2024-11-06', '09:51:09', NULL),
(240, 59, 'student', '2024-11-06', '09:57:25', NULL),
(241, 105, 'student', '2024-11-06', '10:13:44', '10:51:51'),
(242, 11, 'student', '2024-11-06', '10:14:44', '00:00:00'),
(243, 11, 'student', '2024-11-06', '10:15:50', '11:34:32'),
(244, 1, 'vendor', '2024-11-06', NULL, '10:16:46'),
(245, 19, 'student', '2024-11-06', '10:17:52', '15:05:38'),
(246, 77, 'student', '2024-11-06', '10:25:06', '10:28:04'),
(247, 31, 'student', '2024-11-06', '10:29:29', '11:34:12'),
(249, 105, 'student', '2024-11-06', '10:54:08', '00:00:00'),
(250, 83, 'student', '2024-11-06', '10:55:39', '11:07:52'),
(251, 1, 'vendor', '2024-11-06', '11:10:08', NULL),
(252, 129, 'student', '2024-11-06', '11:11:42', NULL),
(253, 32, 'student', '2024-11-06', '11:22:31', '14:26:49'),
(254, 23, 'student', '2024-11-06', '11:30:39', '11:53:05'),
(255, 29, 'student', '2024-11-06', '11:34:16', '11:44:33'),
(256, 10, 'student', '2024-11-06', '11:36:21', '16:19:31'),
(257, 116, 'student', '2024-11-06', NULL, '11:48:06'),
(258, 105, 'student', '2024-11-06', '11:48:26', '15:05:22'),
(259, 53, 'student', '2024-11-06', NULL, '11:53:08'),
(260, 130, 'student', '2024-11-06', '12:24:31', '13:10:55'),
(261, 49, 'student', '2024-11-06', '12:24:58', '12:28:25'),
(262, 38, 'student', '2024-11-06', NULL, '12:26:59'),
(263, 131, 'student', '2024-11-06', '12:27:18', '12:28:00'),
(264, 35, 'student', '2024-11-06', '12:27:26', '12:28:21'),
(265, 132, 'student', '2024-11-06', '12:29:20', NULL),
(266, 93, 'student', '2024-11-06', '12:29:43', NULL),
(267, 103, 'student', '2024-11-06', '12:30:18', '16:57:52'),
(268, 39, 'student', '2024-11-06', '12:32:41', '00:00:00'),
(269, 117, 'student', '2024-11-06', '12:33:43', '12:37:21'),
(270, 8, 'student', '2024-11-06', '12:35:09', '16:19:37'),
(271, 117, 'student', '2024-11-06', '12:37:27', '12:38:29'),
(272, 39, 'student', '2024-11-06', '12:37:48', '12:42:45'),
(273, 117, 'student', '2024-11-06', '12:38:35', NULL),
(274, 102, 'student', '2024-11-06', '12:38:54', NULL),
(275, 39, 'student', '2024-11-06', NULL, '12:44:01'),
(276, 39, 'student', '2024-11-06', '12:44:34', '14:38:12'),
(277, 117, 'student', '2024-11-06', '12:45:52', NULL),
(278, 9, 'employee', '2024-11-06', '12:49:38', NULL),
(279, 77, 'student', '2024-11-06', '12:50:27', '13:46:01'),
(280, 46, 'student', '2024-11-06', '12:58:27', NULL),
(281, 117, 'student', '2024-11-06', '12:59:34', NULL),
(282, 116, 'student', '2024-11-06', '13:10:02', '14:13:09'),
(283, 57, 'student', '2024-11-06', '13:17:32', NULL),
(284, 125, 'student', '2024-11-06', '13:23:07', '15:05:28'),
(285, 17, 'student', '2024-11-06', '13:28:38', '16:19:09'),
(286, 7, 'student', '2024-11-06', '13:28:41', '16:21:55'),
(287, 106, 'student', '2024-11-06', '13:32:20', NULL),
(288, 11, 'employee', '2024-11-06', '13:34:49', '13:35:39'),
(289, 123, 'student', '2024-11-06', '13:40:08', '16:47:53'),
(290, 133, 'student', '2024-11-06', '13:48:42', NULL),
(291, 77, 'student', '2024-11-06', '13:56:25', '13:57:13'),
(292, 77, 'student', '2024-11-06', '14:04:55', '14:11:02'),
(293, 5, 'student', '2024-11-06', '14:15:49', '16:07:52'),
(294, 88, 'student', '2024-11-06', '14:15:51', '16:19:34'),
(295, 42, 'student', '2024-11-06', '14:33:37', '15:30:12'),
(296, 41, 'student', '2024-11-06', '14:33:39', '15:30:17'),
(297, 32, 'student', '2024-11-06', '14:37:15', NULL),
(298, 69, 'student', '2024-11-06', '14:41:51', '14:42:00'),
(299, 63, 'student', '2024-11-06', '15:01:12', '15:07:17'),
(301, 80, 'student', '2024-11-06', '15:48:16', '16:45:06'),
(302, 83, 'student', '2024-11-06', '15:48:18', NULL),
(303, 89, 'student', '2024-11-06', '15:51:58', NULL),
(304, 135, 'student', '2024-11-06', '15:57:52', NULL),
(305, 39, 'student', '2024-11-06', NULL, '15:58:14'),
(306, 104, 'student', '2024-11-06', NULL, '16:21:59'),
(307, 104, 'student', '2024-11-06', '16:22:08', '16:23:08'),
(308, 40, 'student', '2024-11-06', '16:31:26', NULL),
(309, 42, 'student', '2024-11-06', NULL, '16:55:13'),
(310, 94, 'student', '2024-11-06', NULL, '16:55:18'),
(311, 70, 'student', '2024-11-07', '07:30:19', NULL),
(312, 77, 'student', '2024-11-07', '07:30:35', '10:58:07'),
(313, 89, 'student', '2024-11-07', '07:44:17', '10:29:08'),
(314, 4, 'employee', '2024-11-07', '07:44:22', NULL),
(315, 82, 'student', '2024-11-07', '07:49:33', '00:00:00'),
(316, 9, 'employee', '2024-11-07', '07:50:21', NULL),
(317, 2, 'vendor', '2024-11-07', '07:50:45', NULL),
(318, 5, 'employee', '2024-11-07', '07:58:10', NULL),
(319, 75, 'student', '2024-11-07', '07:58:45', '10:56:07'),
(320, 26, 'student', '2024-11-07', '08:00:32', '10:31:07'),
(321, 71, 'student', '2024-11-07', '08:00:59', '10:29:07'),
(322, 124, 'student', '2024-11-07', '08:01:26', '11:02:17'),
(323, 72, 'student', '2024-11-07', '08:02:40', '10:42:30'),
(324, 52, 'student', '2024-11-07', '08:04:46', NULL),
(325, 20, 'student', '2024-11-07', '08:05:22', NULL),
(326, 59, 'student', '2024-11-07', '08:17:16', '14:44:51'),
(327, 10, 'student', '2024-11-07', '08:20:54', '11:43:22'),
(328, 113, 'student', '2024-11-07', '08:30:39', '10:56:04'),
(329, 8, 'student', '2024-11-07', '08:39:09', '10:10:15'),
(330, 78, 'student', '2024-11-07', '08:42:02', NULL),
(331, 107, 'student', '2024-11-07', '08:42:14', NULL),
(332, 116, 'student', '2024-11-07', '08:48:36', '12:13:11'),
(333, 60, 'student', '2024-11-07', '08:50:05', '00:00:00'),
(334, 5, 'student', '2024-11-07', '08:53:17', NULL),
(335, 88, 'student', '2024-11-07', '08:53:20', NULL),
(336, 99, 'student', '2024-11-07', '08:54:51', NULL),
(337, 127, 'student', '2024-11-07', '09:02:26', '14:44:55'),
(338, 115, 'student', '2024-11-07', '09:02:32', '11:02:19'),
(339, 6, 'student', '2024-11-07', '09:02:34', NULL),
(340, 68, 'student', '2024-11-07', '09:11:26', '14:00:05'),
(341, 87, 'student', '2024-11-07', '09:21:27', '00:00:00'),
(342, 42, 'student', '2024-11-07', '09:25:10', '00:00:00'),
(343, 9, 'student', '2024-11-07', '09:35:11', '14:42:47'),
(344, 104, 'student', '2024-11-07', '09:58:09', NULL),
(345, 55, 'student', '2024-11-07', '10:03:03', '14:44:24'),
(346, 135, 'student', '2024-11-07', '10:10:41', '14:42:13'),
(347, 4, 'student', '2024-11-07', NULL, '10:13:53'),
(348, 125, 'student', '2024-11-07', '10:18:03', '14:42:16'),
(349, 96, 'student', '2024-11-07', '10:20:46', NULL),
(350, 19, 'student', '2024-11-07', '10:21:14', '14:42:52'),
(351, 106, 'student', '2024-11-07', '10:23:30', '00:00:00'),
(352, 46, 'student', '2024-11-07', '10:29:15', '14:42:54'),
(353, 27, 'student', '2024-11-07', NULL, '10:31:08'),
(354, 25, 'student', '2024-11-07', NULL, '10:31:28'),
(355, 83, 'student', '2024-11-07', '10:38:24', '15:04:03'),
(356, 56, 'student', '2024-11-07', '10:44:17', NULL),
(357, 56, 'student', '2024-11-07', '10:46:35', NULL),
(358, 42, 'student', '2024-11-07', '10:46:49', '10:59:34'),
(359, 56, 'student', '2024-11-07', '10:48:47', NULL),
(360, 82, 'student', '2024-11-07', '10:50:18', '10:50:29'),
(361, 77, 'student', '2024-11-07', '11:02:29', NULL),
(362, 106, 'student', '2024-11-07', '11:30:58', '11:31:13'),
(363, 32, 'student', '2024-11-07', NULL, '11:32:56'),
(364, 24, 'student', '2024-11-07', NULL, '11:43:25'),
(365, 34, 'student', '2024-11-07', '11:57:09', '14:57:34'),
(366, 6, 'employee', '2024-11-07', '12:02:00', NULL),
(367, 85, 'student', '2024-11-07', '12:05:03', NULL),
(368, 51, 'student', '2024-11-07', '12:07:57', '13:57:17'),
(369, 41, 'student', '2024-11-07', '12:08:06', '13:42:50'),
(370, 42, 'student', '2024-11-07', '12:08:11', '14:23:39'),
(371, 52, 'student', '2024-11-07', '12:14:04', NULL),
(372, 60, 'student', '2024-11-07', '12:23:39', '14:00:14'),
(373, 87, 'student', '2024-11-07', '12:23:45', '14:00:13'),
(374, 3, 'student', '2024-11-07', '12:26:00', NULL),
(375, 91, 'student', '2024-11-07', '12:26:02', NULL),
(376, 61, 'student', '2024-11-07', NULL, '12:26:07'),
(377, 32, 'student', '2024-11-07', '12:27:57', NULL),
(378, 2, 'student', '2024-11-07', '12:48:16', NULL),
(379, 4, 'student', '2024-11-07', '12:48:18', NULL),
(380, 90, 'student', '2024-11-07', '12:49:06', NULL),
(381, 96, 'student', '2024-11-07', '12:49:17', NULL),
(382, 123, 'student', '2024-11-07', '12:51:26', NULL),
(383, 45, 'student', '2024-11-07', '12:51:46', NULL),
(384, 61, 'student', '2024-11-07', '12:51:51', NULL),
(385, 5, 'employee', '2024-11-07', '12:52:36', NULL),
(386, 39, 'student', '2024-11-07', '13:12:13', '15:16:57'),
(387, 136, 'student', '2024-11-07', NULL, '14:02:22'),
(388, 60, 'student', '2024-11-07', '14:02:41', NULL),
(389, 68, 'student', '2024-11-07', '14:02:44', NULL),
(390, 137, 'student', '2024-11-07', NULL, '14:04:07'),
(391, 103, 'student', '2024-11-07', '14:04:54', NULL),
(392, 138, 'student', '2024-11-07', NULL, '14:06:43'),
(393, 22, 'student', '2024-11-07', '14:08:05', NULL),
(394, 8, 'student', '2024-11-07', '14:10:02', NULL),
(395, 88, 'student', '2024-11-07', '14:10:37', NULL),
(396, 5, 'student', '2024-11-07', '14:10:41', NULL),
(397, 6, 'student', '2024-11-07', '14:10:45', NULL),
(398, 10, 'student', '2024-11-07', '14:13:50', NULL),
(399, 24, 'student', '2024-11-07', '14:13:52', NULL),
(400, 80, 'student', '2024-11-07', '14:28:33', '15:03:46'),
(401, 69, 'student', '2024-11-07', '14:37:47', '14:45:45'),
(402, 7, 'student', '2024-11-07', '14:42:33', NULL),
(403, 20, 'student', '2024-11-07', '15:00:32', NULL),
(404, 105, 'student', '2024-11-07', '15:03:47', '15:03:55'),
(405, 117, 'student', '2024-11-07', '15:24:01', '15:24:08'),
(406, 16, 'student', '2024-11-09', '22:30:06', '22:32:57'),
(407, 16, 'student', '2024-11-09', '22:35:58', '00:00:00'),
(408, 16, 'student', '2024-11-09', '22:38:05', '00:00:00'),
(409, 16, 'student', '2024-11-09', '22:39:45', '22:43:03'),
(410, 52, 'student', '2024-11-10', '22:19:09', '22:31:49'),
(411, 52, 'student', '2024-11-10', NULL, '22:44:27'),
(412, 52, 'student', '2024-11-10', '22:45:00', '00:00:00'),
(413, 52, 'student', '2024-11-10', '22:46:26', '22:46:41'),
(414, 52, 'student', '2024-11-10', NULL, '22:47:59'),
(415, 52, 'student', '2024-11-10', '23:37:55', NULL),
(416, 52, 'student', '2024-11-10', '23:40:50', NULL),
(417, 52, 'student', '2024-11-15', '11:24:03', '11:24:19'),
(418, 4, 'visitor', '2024-11-15', '11:25:07', '11:25:24'),
(419, 52, 'student', '2024-11-15', '11:26:04', '11:26:10'),
(420, 5, 'visitor', '2024-11-15', '11:26:45', '00:00:00'),
(421, 52, 'student', '2024-11-15', '11:27:54', '11:28:33'),
(422, 5, 'visitor', '2024-11-15', '11:28:21', '11:28:30'),
(423, 6, 'visitor', '2024-11-15', '11:36:05', '11:36:19'),
(424, 7, 'visitor', '2024-11-15', '11:44:03', '00:00:00'),
(425, 52, 'student', '2024-11-15', '11:44:07', NULL),
(426, 7, 'employee', '2024-11-15', '11:45:12', '00:00:00'),
(427, 7, 'visitor', '2024-11-15', '11:45:22', '11:45:32'),
(428, 7, 'visitor', '2024-11-15', '11:48:35', '11:49:04'),
(429, 7, 'employee', '2024-11-15', '11:48:37', '11:48:51'),
(430, 7, 'employee', '2024-11-15', '11:49:44', '11:49:51'),
(431, 7, 'visitor', '2024-11-15', '11:49:46', '00:00:00'),
(432, 7, 'visitor', '2024-11-15', '11:52:32', '11:52:40'),
(433, 7, 'employee', '2024-11-15', '11:52:33', '11:52:41'),
(434, 52, 'student', '2024-11-15', '12:38:55', NULL),
(435, 7, 'employee', '2024-11-15', '12:39:25', NULL),
(436, 52, 'student', '2024-11-23', '11:05:45', NULL),
(437, 52, 'student', '2024-11-23', '11:07:03', NULL),
(438, 52, 'student', '2024-11-24', '12:19:56', '12:20:23'),
(439, 52, 'student', '2024-11-24', '12:21:54', '12:22:14'),
(440, 52, 'student', '2024-11-24', '12:23:37', '00:00:00'),
(441, 52, 'student', '2024-11-24', '12:24:58', '00:00:00'),
(442, 52, 'student', '2024-11-24', '12:26:05', '00:00:00'),
(443, 52, 'student', '2024-11-24', '12:27:20', '12:27:27'),
(444, 52, 'student', '2024-11-24', '12:30:03', NULL),
(445, 52, 'student', '2024-11-24', '12:34:46', NULL),
(446, 52, 'student', '2024-11-26', '19:09:53', '00:00:00'),
(447, 52, 'student', '2024-11-26', '19:11:14', '00:00:00'),
(448, 52, 'student', '2024-11-26', '19:12:36', '00:00:00'),
(449, 52, 'student', '2024-11-26', '19:13:49', '00:00:00'),
(450, 52, 'student', '2024-11-26', '19:14:49', '00:00:00'),
(451, 52, 'student', '2024-11-26', '19:17:10', '00:00:00'),
(452, 52, 'student', '2024-11-26', '19:18:20', '00:00:00'),
(453, 52, 'student', '2024-11-26', '20:58:50', '00:00:00'),
(454, 52, 'student', '2024-11-26', '20:59:56', '00:00:00'),
(455, 3, 'employee', '2024-11-26', '21:00:29', '00:00:00'),
(456, 52, 'student', '2024-11-26', '21:01:28', '00:00:00'),
(457, 3, 'employee', '2024-11-26', '21:01:30', '00:00:00'),
(458, 52, 'student', '2024-11-26', '21:09:35', '21:10:35'),
(459, 3, 'employee', '2024-11-26', '21:09:39', '21:10:40'),
(460, 52, 'student', '2024-11-28', '14:06:48', NULL),
(461, 3, 'employee', '2024-11-28', '14:07:22', NULL),
(462, 52, 'student', '2024-11-28', '23:21:22', NULL),
(463, 3, 'employee', '2024-11-28', '23:21:31', NULL),
(464, 52, 'student', '2024-11-29', '12:58:43', NULL),
(465, 52, 'student', '2024-11-29', '12:59:51', NULL),
(466, 52, 'student', '2024-11-29', '19:10:47', NULL),
(467, 52, 'student', '2024-11-29', '23:04:53', NULL),
(468, 3, 'employee', '2024-11-29', '23:04:54', NULL),
(469, 52, 'student', '2024-11-29', '23:26:50', NULL),
(470, 52, 'student', '2024-11-29', '23:51:38', NULL),
(471, 3, 'employee', '2024-11-29', '23:51:39', NULL),
(472, 52, 'student', '2024-11-29', '23:54:26', NULL),
(473, 52, 'student', '2024-11-30', '00:24:11', NULL),
(474, 52, 'student', '2024-11-30', '11:54:30', NULL),
(475, 52, 'student', '2024-12-01', '15:21:32', '00:00:00'),
(476, 52, 'student', '2024-12-01', '15:24:14', '00:00:00'),
(477, 52, 'student', '2024-12-01', '15:25:27', '00:00:00'),
(478, 52, 'student', '2024-12-01', '15:28:26', '00:00:00'),
(479, 52, 'student', '2024-12-01', '15:28:56', '00:00:00'),
(480, 52, 'student', '2024-12-01', '15:29:02', '00:00:00'),
(481, 3, 'employee', '2024-12-01', '15:29:04', '00:00:00'),
(482, 52, 'student', '2024-12-01', '15:29:05', '00:00:00'),
(483, 3, 'employee', '2024-12-01', '15:29:08', '00:00:00'),
(484, 52, 'student', '2024-12-01', '15:29:10', '00:00:00'),
(485, 52, 'student', '2024-12-01', '15:31:21', '00:00:00'),
(486, 3, 'employee', '2024-12-01', '15:31:23', '00:00:00'),
(487, 52, 'student', '2024-12-01', '15:31:24', '00:00:00'),
(488, 52, 'student', '2024-12-01', '15:31:35', '00:00:00'),
(489, 52, 'student', '2024-12-01', '15:32:13', '00:00:00'),
(490, 52, 'student', '2024-12-01', '15:33:01', '00:00:00'),
(491, 3, 'employee', '2024-12-01', '15:33:03', '00:00:00'),
(492, 52, 'student', '2024-12-01', '15:33:25', '00:00:00'),
(493, 3, 'employee', '2024-12-01', '15:33:26', '00:00:00'),
(494, 52, 'student', '2024-12-01', '15:33:27', '00:00:00'),
(495, 3, 'employee', '2024-12-01', '15:33:28', '00:00:00'),
(496, 52, 'student', '2024-12-01', '15:33:29', '00:00:00'),
(497, 3, 'employee', '2024-12-01', '15:33:30', '00:00:00'),
(498, 52, 'student', '2024-12-01', '15:33:31', '00:00:00'),
(499, 52, 'student', '2024-12-01', '15:33:34', '00:00:00'),
(500, 52, 'student', '2024-12-01', '15:33:36', '00:00:00'),
(501, 52, 'student', '2024-12-01', '15:33:42', '00:00:00'),
(502, 52, 'student', '2024-12-01', '15:33:48', '00:00:00'),
(503, 52, 'student', '2024-12-01', '15:33:50', '00:00:00'),
(504, 3, 'employee', '2024-12-01', '15:33:51', '00:00:00'),
(505, 52, 'student', '2024-12-01', '15:33:52', '00:00:00'),
(506, 52, 'student', '2024-12-01', '15:35:12', '00:00:00'),
(507, 52, 'student', '2024-12-01', '15:35:14', '00:00:00'),
(508, 3, 'employee', '2024-12-01', '15:35:16', '00:00:00'),
(509, 52, 'student', '2024-12-01', '15:35:20', '00:00:00'),
(510, 3, 'employee', '2024-12-01', '15:35:22', '00:00:00'),
(511, 52, 'student', '2024-12-01', '15:35:43', '00:00:00'),
(512, 3, 'employee', '2024-12-01', '15:35:44', '00:00:00'),
(513, 52, 'student', '2024-12-01', '15:35:45', '00:00:00'),
(514, 52, 'student', '2024-12-01', '15:35:47', '00:00:00'),
(515, 52, 'student', '2024-12-01', '15:36:45', '00:00:00'),
(516, 3, 'employee', '2024-12-01', '15:36:48', '00:00:00'),
(517, 52, 'student', '2024-12-01', '15:36:53', '00:00:00'),
(518, 52, 'student', '2024-12-01', '15:36:56', '00:00:00'),
(519, 52, 'student', '2024-12-01', '15:37:23', '00:00:00'),
(520, 3, 'employee', '2024-12-01', '15:37:25', '00:00:00'),
(521, 52, 'student', '2024-12-01', '15:37:26', '00:00:00'),
(522, 52, 'student', '2024-12-01', '15:37:28', '00:00:00'),
(523, 52, 'student', '2024-12-01', '15:37:49', '00:00:00'),
(524, 3, 'employee', '2024-12-01', '15:37:51', '00:00:00'),
(525, 52, 'student', '2024-12-01', '15:37:51', '00:00:00'),
(526, 52, 'student', '2024-12-01', '15:37:53', '00:00:00'),
(527, 52, 'student', '2024-12-01', '15:37:56', '00:00:00'),
(528, 3, 'employee', '2024-12-01', '15:37:58', '00:00:00'),
(529, 52, 'student', '2024-12-01', '15:37:59', '00:00:00'),
(530, 52, 'student', '2024-12-01', '15:38:01', '00:00:00'),
(531, 52, 'student', '2024-12-01', '15:39:11', '00:00:00'),
(532, 52, 'student', '2024-12-01', '15:39:26', '00:00:00'),
(533, 52, 'student', '2024-12-01', '15:39:51', '00:00:00'),
(534, 52, 'student', '2024-12-01', '15:43:24', '00:00:00'),
(535, 52, 'student', '2024-12-01', '15:43:38', '00:00:00'),
(536, 52, 'student', '2024-12-01', '15:43:45', '00:00:00'),
(537, 52, 'student', '2024-12-01', '15:44:53', '00:00:00'),
(538, 3, 'employee', '2024-12-01', '15:44:56', '00:00:00'),
(539, 3, 'employee', '2024-12-01', '15:44:59', '00:00:00'),
(540, 52, 'student', '2024-12-01', '15:45:03', '00:00:00'),
(541, 52, 'student', '2024-12-01', '15:45:14', '00:00:00'),
(542, 52, 'student', '2024-12-01', '15:45:16', '00:00:00'),
(543, 3, 'employee', '2024-12-01', '15:45:16', '00:00:00'),
(544, 52, 'student', '2024-12-01', '15:45:28', '00:00:00'),
(545, 3, 'employee', '2024-12-01', '15:45:29', '00:00:00'),
(546, 52, 'student', '2024-12-01', '15:45:30', '00:00:00'),
(547, 52, 'student', '2024-12-01', '15:45:40', '00:00:00'),
(548, 3, 'employee', '2024-12-01', '15:45:42', '00:00:00'),
(549, 3, 'employee', '2024-12-01', '15:45:44', '00:00:00'),
(550, 3, 'employee', '2024-12-01', '15:45:46', '00:00:00'),
(551, 3, 'employee', '2024-12-01', '15:45:52', '00:00:00'),
(552, 3, 'employee', '2024-12-01', '15:45:54', '00:00:00'),
(553, 52, 'student', '2024-12-01', '15:46:01', '00:00:00'),
(554, 3, 'employee', '2024-12-01', '15:46:02', '00:00:00'),
(555, 52, 'student', '2024-12-01', '15:46:03', '00:00:00'),
(556, 3, 'employee', '2024-12-01', '15:46:04', '00:00:00'),
(557, 52, 'student', '2024-12-01', '15:46:05', '00:00:00'),
(558, 52, 'student', '2024-12-01', '15:47:20', '00:00:00'),
(559, 52, 'student', '2024-12-01', '15:47:29', '00:00:00'),
(560, 3, 'employee', '2024-12-01', '15:47:30', '00:00:00'),
(561, 52, 'student', '2024-12-01', '15:47:58', '00:00:00'),
(562, 3, 'employee', '2024-12-01', '15:48:00', '00:00:00'),
(563, 3, 'employee', '2024-12-01', '15:48:04', '00:00:00'),
(564, 52, 'student', '2024-12-01', '15:49:53', '00:00:00'),
(565, 3, 'employee', '2024-12-01', '15:49:54', '00:00:00'),
(566, 52, 'student', '2024-12-01', '15:51:37', '00:00:00'),
(567, 3, 'employee', '2024-12-01', '15:51:47', '00:00:00'),
(568, 52, 'student', '2024-12-01', '15:51:48', '00:00:00'),
(569, 3, 'employee', '2024-12-01', '15:51:49', '00:00:00'),
(570, 52, 'student', '2024-12-01', '15:51:51', '00:00:00'),
(571, 3, 'employee', '2024-12-01', '15:51:52', '00:00:00'),
(572, 52, 'student', '2024-12-01', '15:53:22', '00:00:00'),
(573, 3, 'employee', '2024-12-01', '15:53:25', '00:00:00'),
(574, 52, 'student', '2024-12-01', '15:53:27', '00:00:00'),
(575, 52, 'student', '2024-12-01', '15:54:27', '00:00:00'),
(576, 52, 'student', '2024-12-01', '15:55:01', '00:00:00'),
(577, 3, 'employee', '2024-12-01', '15:55:02', '00:00:00'),
(578, 52, 'student', '2024-12-01', '15:55:03', '00:00:00'),
(579, 3, 'employee', '2024-12-01', '15:55:04', '00:00:00'),
(580, 52, 'student', '2024-12-01', '15:55:06', '00:00:00'),
(581, 3, 'employee', '2024-12-01', '15:55:06', '00:00:00'),
(582, 3, 'employee', '2024-12-01', '15:55:08', '00:00:00'),
(583, 52, 'student', '2024-12-01', '15:55:08', '00:00:00'),
(584, 52, 'student', '2024-12-01', '15:55:26', '00:00:00'),
(585, 3, 'employee', '2024-12-01', '15:55:27', '00:00:00'),
(586, 52, 'student', '2024-12-01', '15:55:37', '00:00:00'),
(587, 3, 'employee', '2024-12-01', '15:55:39', '00:00:00'),
(588, 52, 'student', '2024-12-01', '15:55:40', '00:00:00'),
(589, 3, 'employee', '2024-12-01', '15:55:41', '00:00:00'),
(590, 52, 'student', '2024-12-01', '15:55:42', '00:00:00'),
(591, 52, 'student', '2024-12-01', '15:55:44', '00:00:00'),
(592, 52, 'student', '2024-12-01', '15:55:59', '00:00:00'),
(593, 52, 'student', '2024-12-01', '15:56:01', '00:00:00'),
(594, 3, 'employee', '2024-12-01', '15:56:02', '00:00:00'),
(595, 52, 'student', '2024-12-01', '15:56:03', '00:00:00'),
(596, 52, 'student', '2024-12-01', '15:56:14', '15:56:18'),
(597, 3, 'employee', '2024-12-01', '15:56:15', '15:56:19'),
(598, 52, 'student', '2024-12-01', NULL, '15:56:20'),
(599, 52, 'student', '2024-12-01', '15:57:37', '00:00:00'),
(600, 3, 'employee', '2024-12-01', '15:57:38', '00:00:00'),
(601, 52, 'student', '2024-12-01', '15:57:39', '00:00:00'),
(602, 3, 'employee', '2024-12-01', '15:57:42', '15:57:47'),
(603, 52, 'student', '2024-12-01', '15:57:43', '15:57:46'),
(604, 52, 'student', '2024-12-01', NULL, '15:57:48'),
(605, 3, 'employee', '2024-12-01', NULL, '15:57:49'),
(606, 52, 'student', '2024-12-01', '15:57:58', '00:00:00'),
(607, 52, 'student', '2024-12-01', '15:59:38', '00:00:00'),
(608, 52, 'student', '2024-12-01', '16:00:21', '16:00:58'),
(609, 3, 'employee', '2024-12-01', NULL, '16:00:58'),
(610, 52, 'student', '2024-12-01', NULL, '16:01:01'),
(611, 52, 'student', '2024-12-01', '16:01:18', '00:00:00'),
(612, 3, 'employee', '2024-12-01', '16:01:19', NULL),
(613, 52, 'student', '2024-12-01', '16:01:20', '00:00:00'),
(614, 3, 'employee', '2024-12-01', '16:01:25', NULL),
(615, 52, 'student', '2024-12-01', '16:01:25', '00:00:00'),
(616, 52, 'student', '2024-12-01', '16:01:27', '00:00:00'),
(617, 52, 'student', '2024-12-01', '16:01:49', '00:00:00'),
(618, 3, 'employee', '2024-12-01', '16:01:50', NULL),
(619, 52, 'student', '2024-12-01', '16:01:51', '00:00:00'),
(620, 52, 'student', '2024-12-01', '16:02:02', '16:02:40'),
(621, 52, 'student', '2024-12-04', '23:05:43', NULL),
(622, 52, 'student', '2024-12-08', '11:58:39', '00:00:00'),
(623, 52, 'student', '2024-12-08', '11:58:49', '00:00:00'),
(624, 52, 'student', '2024-12-08', '11:59:53', '00:00:00'),
(625, 52, 'student', '2024-12-08', '12:02:50', '00:00:00'),
(626, 3, 'employee', '2024-12-08', '12:02:52', '12:10:42'),
(627, 52, 'student', '2024-12-08', '12:07:10', '00:00:00'),
(628, 52, 'student', '2024-12-08', '12:08:55', '00:00:00'),
(629, 52, 'student', '2024-12-08', '12:09:59', '12:10:59'),
(630, 3, 'employee', '2024-12-08', NULL, '12:11:47'),
(631, 52, 'student', '2024-12-08', '12:12:02', '00:00:00'),
(632, 52, 'student', '2024-12-08', '12:13:10', '12:14:31'),
(633, 3, 'employee', '2024-12-08', NULL, '12:14:07'),
(634, 52, 'student', '2024-12-08', '12:18:39', '00:00:00'),
(635, 52, 'student', '2024-12-08', '12:20:06', '00:00:00'),
(636, 3, 'employee', '2024-12-08', '12:20:58', '12:21:58'),
(637, 52, 'student', '2024-12-08', '12:21:08', '12:23:01'),
(638, 3, 'employee', '2024-12-08', NULL, '12:23:29'),
(639, 52, 'student', '2024-12-08', NULL, '12:24:02'),
(640, 52, 'student', '2024-12-08', '12:25:04', '00:00:00'),
(641, 52, 'student', '2024-12-08', '12:26:19', '00:00:00'),
(642, 52, 'student', '2024-12-08', '12:26:21', '00:00:00'),
(643, 52, 'student', '2024-12-08', '12:26:24', '00:00:00'),
(644, 3, 'employee', '2024-12-08', '12:26:28', '00:00:00'),
(645, 52, 'student', '2024-12-08', '12:26:29', '00:00:00'),
(646, 52, 'student', '2024-12-08', '12:26:49', '00:00:00'),
(647, 52, 'student', '2024-12-08', '12:26:53', '00:00:00'),
(648, 52, 'student', '2024-12-08', '12:26:58', '00:00:00'),
(649, 52, 'student', '2024-12-08', '12:27:15', '00:00:00'),
(650, 52, 'student', '2024-12-08', '12:27:20', '00:00:00'),
(651, 52, 'student', '2024-12-08', '12:27:32', '00:00:00'),
(652, 52, 'student', '2024-12-08', '12:27:40', '00:00:00'),
(653, 52, 'student', '2024-12-08', '12:27:45', '00:00:00'),
(654, 52, 'student', '2024-12-08', '12:28:03', '00:00:00'),
(655, 52, 'student', '2024-12-08', '12:28:07', '00:00:00'),
(656, 52, 'student', '2024-12-08', '12:28:10', '00:00:00'),
(657, 3, 'employee', '2024-12-08', '12:28:11', '00:00:00'),
(658, 52, 'student', '2024-12-08', '12:28:13', '00:00:00'),
(659, 3, 'employee', '2024-12-08', '12:28:14', '00:00:00'),
(660, 52, 'student', '2024-12-08', '12:28:15', '00:00:00'),
(661, 3, 'employee', '2024-12-08', '12:28:16', '00:00:00'),
(662, 52, 'student', '2024-12-08', '12:28:17', '00:00:00'),
(663, 3, 'employee', '2024-12-08', '12:28:18', '00:00:00'),
(664, 52, 'student', '2024-12-08', '12:28:19', '00:00:00'),
(665, 52, 'student', '2024-12-08', '12:28:21', '00:00:00'),
(666, 3, 'employee', '2024-12-08', '12:28:22', '00:00:00'),
(667, 52, 'student', '2024-12-08', '12:28:23', '00:00:00'),
(668, 52, 'student', '2024-12-08', '12:28:26', '00:00:00'),
(669, 3, 'employee', '2024-12-08', '12:28:28', '00:00:00'),
(670, 52, 'student', '2024-12-08', '12:28:29', '00:00:00'),
(671, 3, 'employee', '2024-12-08', '12:28:31', '00:00:00'),
(672, 52, 'student', '2024-12-08', '12:28:31', '00:00:00'),
(673, 52, 'student', '2024-12-08', '12:28:35', '00:00:00'),
(674, 52, 'student', '2024-12-08', '12:28:37', '00:00:00'),
(675, 52, 'student', '2024-12-08', '12:28:39', '00:00:00'),
(676, 52, 'student', '2024-12-08', '12:28:49', '00:00:00'),
(677, 52, 'student', '2024-12-08', '12:29:34', '00:00:00'),
(678, 52, 'student', '2024-12-08', '12:29:36', '00:00:00'),
(679, 3, 'employee', '2024-12-08', '12:29:36', '12:29:45'),
(680, 52, 'student', '2024-12-08', '12:29:43', '12:29:45'),
(681, 3, 'employee', '2024-12-08', NULL, '12:29:47'),
(682, 52, 'student', '2024-12-08', NULL, '12:29:47'),
(683, 52, 'student', '2024-12-08', '12:30:59', '00:00:00'),
(684, 52, 'student', '2024-12-08', '12:31:11', '00:00:00'),
(685, 3, 'employee', '2024-12-08', '12:31:13', '12:33:50'),
(686, 52, 'student', '2024-12-08', '12:31:14', '00:00:00'),
(687, 52, 'student', '2024-12-08', '12:31:16', '00:00:00'),
(688, 52, 'student', '2024-12-08', '12:31:34', '00:00:00'),
(689, 52, 'student', '2024-12-08', '12:31:36', '12:31:56'),
(690, 52, 'student', '2024-12-08', NULL, '12:33:48'),
(691, 52, 'student', '2024-12-08', NULL, '12:33:51'),
(692, 3, 'employee', '2024-12-08', NULL, '12:33:53'),
(693, 52, 'student', '2024-12-08', NULL, '12:33:53'),
(694, 52, 'student', '2024-12-08', NULL, '12:33:56'),
(695, 52, 'student', '2024-12-08', '12:35:57', '12:40:02'),
(696, 3, 'employee', '2024-12-08', '12:36:00', '12:40:06'),
(697, 52, 'student', '2024-12-08', '12:44:59', NULL),
(698, 3, 'employee', '2024-12-08', '12:45:03', NULL),
(699, 52, 'student', '2024-12-08', '23:45:12', NULL),
(700, 3, 'employee', '2024-12-08', '23:45:24', NULL),
(701, 52, 'student', '2024-12-08', '23:49:30', NULL),
(702, 3, 'employee', '2024-12-08', '23:49:51', NULL),
(703, 52, 'student', '2024-12-08', '23:51:58', NULL),
(704, 52, 'student', '2024-12-13', '16:14:37', NULL),
(705, 52, 'student', '2024-12-13', '16:17:20', NULL),
(706, 3, 'employee', '2024-12-13', '16:17:23', NULL),
(707, 52, 'student', '2025-01-14', '10:29:04', '10:32:10'),
(708, 3, 'employee', '2025-01-14', '10:29:24', '10:32:26'),
(709, 52, 'student', '2025-02-02', '20:20:32', NULL),
(710, 52, 'student', '2025-02-02', '20:23:06', NULL),
(711, 52, 'student', '2025-02-02', '20:24:23', NULL),
(712, 3, 'employee', '2025-02-02', '20:24:29', '20:27:40'),
(713, 52, 'student', '2025-02-02', '20:26:54', NULL),
(714, 52, 'student', '2025-02-06', '20:47:57', NULL);

-- --------------------------------------------------------

--
-- Table structure for table `role`
--

CREATE TABLE `role` (
  `id` int(11) NOT NULL,
  `role_name` varchar(255) DEFAULT NULL
) ENGINE=InnoDB DEFAULT CHARSET=utf8mb4 COLLATE=utf8mb4_general_ci;

--
-- Dumping data for table `role`
--

INSERT INTO `role` (`id`, `role_name`) VALUES
(1, 'Employee'),
(2, 'Student'),
(4, 'Vendor'),
(3, 'Visitor');

-- --------------------------------------------------------

--
-- Table structure for table `students`
--

CREATE TABLE `students` (
  `id` int(11) NOT NULL,
  `fname` varchar(255) NOT NULL,
  `mname` varchar(255) DEFAULT NULL,
  `lname` varchar(255) NOT NULL,
  `sname` varchar(255) DEFAULT NULL,
  `bdate` date DEFAULT NULL,
  `gender` varchar(255) DEFAULT NULL,
  `address` varchar(255) DEFAULT NULL,
  `cellnum` varchar(255) DEFAULT NULL,
  `email` varchar(255) DEFAULT NULL,
  `school_id` varchar(255) NOT NULL,
  `role_id` int(11) DEFAULT NULL,
  `prog_id` int(11) DEFAULT NULL,
  `dept_id` int(11) DEFAULT NULL,
  `rfid` varchar(255) DEFAULT NULL,
  `img_path` varchar(255) DEFAULT NULL,
  `status` int(11) NOT NULL DEFAULT 0 COMMENT '0= active, 1=archived'
) ENGINE=InnoDB DEFAULT CHARSET=utf8mb4 COLLATE=utf8mb4_general_ci;

--
-- Dumping data for table `students`
--

INSERT INTO `students` (`id`, `fname`, `mname`, `lname`, `sname`, `bdate`, `gender`, `address`, `cellnum`, `email`, `school_id`, `role_id`, `prog_id`, `dept_id`, `rfid`, `img_path`, `status`) VALUES
(1, 'Nancy', 'G', 'Castillo', '', '1994-08-04', 'female', 'Curva Ormoc City', '09927832788', NULL, '2020-31580', 2, 20, 25, '2345964309', '20241127_122653Castillo.png', 0),
(2, 'Jackylyn', 'C', 'Miro', 'JR.', '2005-10-27', 'female', 'Brgy. Liloan-an Ormoc City', '09944581995', NULL, '2024-30352', 2, 20, 25, '2334053381', '20241127_125519Miro.png', 0),
(3, 'Sharon Rose', 'B', 'Ballera', NULL, '2006-04-30', 'female', 'Albuera, Leyte', '09387308058', NULL, '2024-30450', 2, 20, 25, '2334003989', NULL, 0),
(4, 'Johanna Nicole', 'C', 'Bacalso', '', '2005-11-10', 'female', 'Brgy. Don Felipe Larrazabal', '09650565877', NULL, '2024-30474', 2, 20, 25, '2344430613', '1729642673Johanna NicoleBacalso.png', 0),
(5, 'April Sheen', 'P', 'Pinar', '', '2003-04-12', 'female', 'Libertad, Isabel', '09513664440', NULL, '2022-31453', 2, 20, 25, '2332673301', '1730206472April SheenPinar.png', 0),
(6, 'Daniela ', 'B', 'Tabique', '', '2003-11-11', 'female', 'Brgy. Sant Antonio, Ormoc City', '09709957836', NULL, '2022-30781', 2, 20, 25, '2332175365', '1730206370Daniela Tabique.png', 0),
(7, 'Ruelene ', 'M', 'Labiste', NULL, '2004-04-20', 'female', 'Brgy. Margen, Ormoc City', '09654278124', NULL, '2022-31481', 2, 20, 25, '2335024917', NULL, 0),
(8, 'Angelita', 'L', 'Torres', '', '2001-01-28', 'female', 'Brgy. San Antonio, Ormoc City', '09659448912', NULL, '2022-30731', 2, 20, 25, '2344116245', '1730206649AngelitaTorres.png', 0),
(9, 'Xyron', 'J', 'Balasabas', '', '2005-05-12', 'male', 'Brgy. San Antonio, Ormoc City', '09567323587', NULL, '2023-33259', 2, 20, 25, '2341931797', '1730083407XyronBalasabas.png', 0),
(10, 'Izza Jhoy', 'G', 'Ugbamin', NULL, '2004-09-30', 'female', 'Brgy. San Antonio', '09466593482', NULL, '2022-32552', 2, 20, 25, '2332905749', NULL, 0),
(11, 'Anjelyn', 'G', 'Romo', '', '2003-07-15', 'female', 'Bgry. San Vicente, Ormoc City', '09950288855', NULL, '2021-30948', 2, 20, 25, '2332322325', '1729642041AnjelynRomo.png', 0),
(12, 'Piolo', 'O', 'Barcos', '', '2003-02-03', 'male', 'Brgy. Cabintan, Ormoc City', '09853335504', NULL, '2021-30464', 2, 20, 25, '2348073749', '1729642629PioloBarcos.png', 0),
(13, 'Angel Lyn', 'M', 'Movilla', NULL, '2003-10-20', 'female', 'Brgy. Salvacion, Ormoc City', '09944808350', NULL, '2022-32332', 2, 20, 25, '2337442325', NULL, 0),
(15, 'Cressiah', 'M', 'Dacal', '', '2002-09-23', 'female', 'Tabgas, Albuera, Leyte', '09174545872', NULL, '2021-30163', 2, 20, 25, '2333230357', '1729642865CressiahDacal.png', 0),
(16, 'John Brint', 'L', 'Arañez', NULL, '2001-06-28', 'male', 'Villaba, Leyte', '09154897112', NULL, '2021-32193', 2, 20, 25, '2332723205', NULL, 0),
(17, 'Princess Valerie', 'A', 'Codilla', NULL, '2004-09-25', 'female', 'Kanangga, Leyte', '09057169711', NULL, '2022-31268', 2, 20, 25, '2346622741', NULL, 0),
(18, 'Mark Joseph ', '', 'Humbid', NULL, '2004-04-24', 'male', 'Linao, Ormoc City', '09681192186', NULL, '2022-30927', 2, 20, 25, '2346484245', NULL, 0),
(19, 'Rafael', 'B', 'Malinao ', 'III', '1992-07-25', 'male', 'Brgy. Sabang Bao, Ormoc City', '09350536592', NULL, '2009-40346', 2, 20, 25, '2342415381', NULL, 0),
(20, 'Bernard Glenn', 'B', 'Casera', NULL, '2004-07-21', 'male', 'Albuera, Leyte', '09533505871', NULL, '2022-31167', 2, 20, 25, '2338478357', NULL, 0),
(22, 'Joel Jr', 'C', 'Cuavo', NULL, '2004-03-28', 'male', 'Brgy. Curva , Ormoc City', '0992684408', NULL, '2022-30894', 2, 20, 25, '2344845317', NULL, 0),
(23, 'James Humphry', 'B', 'Manilag', NULL, '2004-04-06', 'male', 'Brgy. Alta Vista, Ormoc City', '09218018870', NULL, '2022-30107', 2, 20, 25, '2333264405', NULL, 0),
(24, 'Angel', 'B', 'Roldan', NULL, '2001-01-20', 'female', 'Brgy. Milagro, Ormoc City ', '09772687247', NULL, '2022-31382', 2, 20, 25, '2344824581', NULL, 0),
(25, 'Ayegee', 'M', 'Contridas', NULL, '2004-07-02', 'female', 'Brgy. North, Ormoc City', '09632668829', NULL, '2022-31312', 2, 20, 25, '2345072901', NULL, 0),
(26, 'Jury Mae', '', 'Catingub', NULL, '2003-07-08', 'female', 'Brgy. Sto. Niño, Ormoc City', '09273511128', NULL, '2022-30961', 2, 20, 25, '2341410325', NULL, 0),
(27, 'Lovely Jean', 'M', 'Mabini', NULL, '2003-10-12', 'female', 'Villaba, Leyte', '09631152066', NULL, '2022-30256', 2, 20, 25, '2340210949', NULL, 0),
(28, 'Haide', 'M', 'Parilla', NULL, '2000-07-07', 'female', 'Brgy. Gaas, ormoc City', '09096580217', NULL, '2022-33146', 2, 20, 25, '2340116501', NULL, 0),
(29, 'Johannes June', 'B', 'Celedio', '', '2002-06-30', 'male', 'Albuera, Leyte', '09983454974', NULL, '2020-32805', 2, 20, 25, '2336901397', NULL, 0),
(30, 'Queennie', 'E', 'Escala', '', '1992-09-06', 'female', 'Brgy. East, Ormoc City', '09604438060', NULL, '2021-40001', 2, 20, 25, '2346476549', NULL, 0),
(31, 'Jandy', 'S', 'Arpon', '', '2003-02-09', 'male', 'Brgy. Alta Vista, Ormoc City', '09690195230', NULL, '2021-31484', 2, 20, 25, '2348503045', '1730031135JandyArpon.png', 0),
(32, 'Johnny', 'T', 'Campomanes', '', '2002-10-26', 'male', 'Brgy. Dayhagan, Ormoc City', '09651568658', NULL, '2021-31053', 2, 20, 25, '2336451349', NULL, 0),
(33, 'Hezekiah', 'B', 'Rebato', '', '2001-03-24', 'female', 'Purok 2, Sto. Niño, Ormoc City', '0992759428', NULL, '2021-32299', 2, 20, 25, '2338377221', NULL, 0),
(34, 'Shanny', 'C', 'Flores', '', '2002-09-26', 'female', 'Brgy. Camp Downs, Ormoc City', '09654065889', NULL, '2021-30331', 2, 20, 25, '2341515285', '1729641907ShannyFlores.png', 0),
(35, 'Ruby', 'T', 'Tinunga', '', '1996-07-23', 'female', 'Maybog Baybay CIty', '09056863072', NULL, '2022-30222', 2, 20, 25, '2348504069', NULL, 0),
(37, 'Monico', 'D', 'Caoctoy', 'Jr.', '2001-12-27', 'male', 'San Jose, Ormoc City', '09563793843', NULL, '2021-31865', 2, 20, 25, '2340853269', NULL, 0),
(38, 'Almackie Andrew', 'J', 'Bangalao', '', '2003-10-27', 'male', 'Albuera, Leyte', '09677017482', NULL, '2022-30424', 2, 20, 25, '2332391685', NULL, 0),
(39, 'Justine Peter', 'M', 'Ariño', '', '2002-06-23', 'male', 'Merida, Leyte', '09216564288', NULL, '2021-31409', 2, 20, 25, '2343008005', '1730868122Justine PeterAriño.png', 0),
(40, 'Mark Gerald', 'C', 'Talle', '', '2001-03-18', 'male', 'Brgy. Cogon, Ormoc City', '09947115032', NULL, '2021-32394', 2, 20, 25, '2343134981', NULL, 0),
(41, 'Marichelle', 'P', 'Luistro', '', '2002-03-27', 'female', 'Brgy. Linao, Ormoc City', '09105236545', NULL, '2020-30901', 2, 20, 25, '2335923477', '1730721586MarichelleLuistro.png', 0),
(42, 'Jomarey', 'Z', 'Dacuyan', '', '2001-03-22', 'male', 'Brgy. Cogon, Ormoc City', '09095395716', NULL, '2020-31685', 2, 20, 25, '2344757269', '1730721651JomareyDacuyan.png', 0),
(43, 'Christine', 'B', 'Alolor', '', '2002-10-26', 'female', 'Albuera, Leyte', '09050299815', NULL, '2021-31083', 2, 20, 25, '2340037141', NULL, 0),
(45, 'Rizzamae', 'A', 'Solis', '', '2003-01-21', 'female', 'Brgy. Sto Niño, Ormoc City', '09630746832', NULL, '2021-31743', 2, 20, 25, '2342418693', '1730786724RizzamaeSolis.png', 0),
(46, 'John Lloyd', 'D', 'Rivera', '', '2003-11-23', 'male', 'Brgy.Luna Ormoc City', '09924837263', NULL, '2023-31502', 2, 20, 25, '2344202245', NULL, 0),
(47, 'Jake', 'D', 'Sergida', '', '2000-12-29', 'male', 'Brgy. Naungan, Ormoc City', '09514646369', NULL, '2019-31611', 2, 20, 25, '2341382661', NULL, 0),
(48, 'Reymark', 'O', 'Costorio', '', '1996-10-05', 'male', 'Cagbuhangin, Ormoc City', '09518514704', NULL, '2020-31608', 2, 20, 25, '2336532229', NULL, 0),
(49, 'Stephanie Angel', 'A', 'Nudalo', '', '2004-10-30', 'female', 'Brgy. Matica-a, Ormoc City', '09661653048', NULL, '2022-31997', 2, 20, 25, '2336243973', NULL, 0),
(50, 'Tirzo Charles', 'V', 'Apuya', '', '2003-09-30', 'male', 'Brgy.Patag Ormoc City', '09927826207', NULL, '2022-31913', 2, 20, 25, '2341780245', NULL, 0),
(51, 'Reymart', 'T', 'Magallanes', '', '2002-05-16', 'male', 'Brgy. Salvacion, Ormoc City', '09774584746', NULL, '2021-31804', 2, 20, 25, '2342043653', '1729645943ReymartMagallanes.png', 0),
(52, 'John Mark', 'F', 'Cuyos', '', '2000-07-17', 'male', 'Albuera, Leyte', '09751407146', NULL, '2021-30174', 2, 20, 25, '123', '20241201_084525Cuyos.png', 0),
(53, 'Loren', '', 'Capuyan', '', '2003-10-07', 'male', 'World Vision Linao Ormoc City', '09505884231', NULL, '2022-31888', 2, 20, 25, '2342046469', NULL, 0),
(54, 'Niño', 'M', 'Boholst', '', '2004-01-09', 'male', 'Tambulilid, Ormoc City', '09120877665', NULL, '2022-31138', 2, 20, 25, '2342046485', NULL, 0),
(55, 'Edmon', 'C', 'Flores', '', '2001-09-26', 'male', 'Brgy. Kadaohan, Ormoc City', '09125104834', NULL, '2022-30471', 2, 20, 25, '2343159829', NULL, 0),
(56, 'Jessamae', 'P', 'Ugbamen', '', '2002-04-21', 'female', 'Brgy. San Antonio, Ormoc City', '09774515694', NULL, '2020-30492', 2, 20, 25, '2346932501', '1729644657JessamaeUgbamen.png', 0),
(57, 'Jade Kenneth', 'M', 'Pacañot', '', '2002-11-27', 'male', 'Brgy. Luna. Ormoc City', '09706812007', NULL, '2023-33280', 2, 20, 25, '2338309637', NULL, 0),
(59, 'Christian Alain', 'L', 'Apatt', '', '2003-12-19', 'male', 'Brgy. Dolores, Ormoc City', '09267137747', NULL, '2022-32193', 2, 20, 25, '2334945813', '1730206697Christian AlainApatt.png', 0),
(60, 'Shane Del Moira', 'S', 'Mantua', '', '2005-02-14', 'female', 'Baybay City, Leyte', '09603060875', NULL, '2023-30495', 2, 20, 25, '2345474069', NULL, 0),
(61, 'Dielu', 'M', 'Bilas', '', '2002-09-25', 'male', 'Brgy. Salvacion, Ormoc City', '09937604658', NULL, '2021-31426', 2, 20, 25, '2341449749', '1729642482DieluBilas.png', 0),
(62, 'Rovie Jhen', 'S', 'Casimong', '', '2006-08-22', 'female', 'Brgy. Catmon, ormoc City', '09272485348', NULL, '2024-10936', 2, 20, 25, '2340505365', NULL, 0),
(63, 'Cristine Jane', 'S', 'Pagalan', '', '2002-10-02', 'female', 'Isabel, Leyte', '09563594366', NULL, '2020-32662', 2, 20, 25, '2338051589', '1730031248Cristine JanePagalan.png', 0),
(64, 'Anne Sophia', 'L', 'Silvano', '', '2003-11-20', 'female', 'Albuera, Leyte', '09512457313', NULL, '2022-31097', 2, 20, 25, '2338652437', NULL, 0),
(65, 'Ritzmond', 'E', 'Manzo', '', '1997-01-18', 'male', 'Brgy. Tambulilid, ormoc City', '09456847868', NULL, '2022-32564', 2, 20, 25, '2344800005', NULL, 0),
(66, 'Mecaella', 'R', 'Managbanag', '', '2004-03-15', 'female', 'San Isidro Owak, Ormoc City', '09568872443', NULL, '2022-30155', 2, 20, 25, '2345454869', '1730721815MecaellaManagbanag.png', 0),
(67, 'Ivan Earl', 'N', 'Ocampo', '', '2003-09-11', 'male', 'Don Felipe Larrazabal, Ormoc City', '09164825116', NULL, '2022-31973', 2, 20, 25, '2342028821', NULL, 0),
(68, 'Jemaica', 'C', 'Sicad', '', '2005-04-12', 'female', 'Brgy. Rizal, Kananga, Leyte', '09552194473', NULL, '2023-30416', 2, 20, 25, '2344505365', '1730942108JemaicaSicad.png', 0),
(69, 'Rochelle', 'A', 'Arabejo', '', '2003-10-05', 'female', 'Brgy. Tambulilid, Ormoc City', '09635660415', NULL, '2022-30967', 2, 20, 25, '2338694149', NULL, 0),
(70, 'Christian Rey', 'Y', 'Alegre', '', '2003-03-09', 'male', 'Brgy. San Isidro Owak, Ormoc City', '09918431792', NULL, '2022-32745', 2, 20, 25, '2340705557', NULL, 0),
(71, 'Pedrito', 'M', 'Parilla', 'III', '2000-05-25', 'male', 'Agua Dulce Street, Ormoc City', '09382152553', NULL, '2022-30600', 2, 20, 25, '2333866501', NULL, 0),
(72, 'Ferly Ann', 'A', 'Samson', '', '2004-02-18', 'female', 'Brgy. Linao, Ormoc City', '09317609172', NULL, '2022-30670', 2, 20, 25, '2343871253', NULL, 0),
(73, 'Russel Jhon', 'C', 'Dasigan', '', '2002-10-04', 'male', 'Brgy. aguiting, Kanangga Leyte', '09709260570', NULL, '2020-30041', 2, 20, 25, '2342974725', NULL, 0),
(74, 'Jelian Mae', 'T', 'Morga', '', '2003-12-04', 'female', 'Kanangga, Leyte', '09512543531', NULL, '2022-32273', 2, 20, 25, '2341117973', '1730110834Jelian MaeMorga.png', 0),
(75, 'Klenth Joseph', 'D', 'Cañedo', '', '2004-09-08', 'male', 'Brgy. Manlilinao, Ormoc City', '09951623', NULL, '2022-31872', 2, 20, 25, '2332317701', NULL, 0),
(76, 'Paul Joseph', 'M', 'Teves', '', '2005-11-11', 'male', 'Brgy. Nasunugan, Ormoc City', '09667463862', NULL, '2024-30057', 2, 20, 25, '2333376773', '1729642969Paul JosephTeves.png', 0),
(77, 'John Carlo', 'C', 'Tijas', '', '2002-02-24', 'male', 'Brgy.Gaas Ormoc City', '09099562048', NULL, '2021-30132', 2, 20, 25, '2342731013', '1730699262John CarloTijas.png', 0),
(78, 'Jorge Mikhael', 'R', 'Gubantes', '', '2004-09-27', 'male', 'Pob.Albuera Leyte', '09278859285', NULL, '2023-30930', 2, 20, 25, '2343642133', NULL, 0),
(79, 'Khim', 'D', 'Arradaza', '', '1997-12-19', 'male', 'Brgy.San Vicente Ormoc City', '09534767061', NULL, '2014-40013', 2, 20, 25, '2346369541', '1729664817KhimArradaza.png', 0),
(80, 'Aphrodite', 'C', 'Payod', '', '2002-12-13', 'female', 'Brgy.Conception Ormoc City', '09853319362', NULL, '2021-32388', 2, 20, 25, '2333997573', '1730721522AphroditePayod.png', 0),
(81, 'Trisha Mhay', 'A', 'Lonzaga', '', '2004-12-09', 'female', 'Kananga Leyte', '09380359111', NULL, '2022-31680', 2, 20, 25, '2348566037', '1730206324Trisha MhayLonzaga.png', 0),
(82, 'Nathalie Grace', 'P', 'Poticar', '', '2002-11-05', 'female', 'Brgy. Patag, Ormoc City', '09928240096', NULL, '2021-32529', 2, 20, 25, '2335149589', '1729559192Nathalie GracePoticar.png', 0),
(83, 'Aj Myco', 'S', 'Estor', '', '2004-08-03', 'male', 'Brgy.Alta Vista Ormoc City', '09928479018', NULL, '2023-30515', 2, 20, 25, '2341403397', '1730721487Aj MycoEstor.png', 0),
(84, 'Gishner', 'S', 'Santianez', '', '2004-05-14', 'male', 'Brgy.Alta Vista Ormoc City', '09162323353', NULL, '2023-30194', 2, 20, 25, '2347518981', '1730031481GishnerSantianez.png', 0),
(85, 'Uriel Dan', '', 'Carlobos', '', '2004-09-18', 'male', 'Brgy.Sto.Rosario Matag-ob Leyte', '09685490725', NULL, '2022-30937', 2, 20, 25, '2332531989', '1730942225Uriel DanCarlobos.png', 0),
(86, 'Jenbert', 'L', 'Duazo', '', '2003-09-19', 'male', 'Brgy.Punta Ormoc City', '09619800304', NULL, '2022-31690', 2, 20, 25, '2344530965', '1730206766JenbertDuazo.png', 0),
(87, 'Franzin', 'P', 'Dalumpines', '', '2004-05-18', 'female', 'Brgy.Bagong Buhay Ormoc City', '09859998147', NULL, '2023-30881', 2, 20, 25, '2338632965', NULL, 0),
(88, 'Rhenah May', 'V', 'Cabudlay', '', '2003-11-16', 'female', 'Brgy.Boroc Ormoc City', '09503592172', NULL, '2022-31908', 2, 20, 25, '2332263957', '1730206525Rhenah MayCabudlay.png', 0),
(89, 'EarlJohn', 'L', 'Sicsic', '', '2004-07-25', 'male', 'Brgy.Alegria Ormoc City', '09078445692', NULL, '2022-30640', 2, 20, 25, '2347647253', NULL, 0),
(90, 'Aexel', '', 'Peguera', '', '2008-02-16', 'female', 'Brgy.Tambubulilid Ormoc City', '09262331424', NULL, '2024-30010', 2, 20, 25, '2348130069', '1730031356AexelPeguera.png', 0),
(91, 'Irish Angel', 'M', 'Galo', '', '2006-04-08', 'female', 'Brgy.Macabug Ormoc City', '09755240042', NULL, '2024-30136', 2, 20, 25, '2340190229', NULL, 0),
(92, 'Leah Mae', 'M', 'Tuburan', '', '2006-02-12', 'female', 'Valencia Ormoc City', '09355057482', NULL, '2024-30974', 2, 20, 25, '2339482133', '1730031640Leah MaeTuburan.png', 0),
(93, 'Tobby', 'A', 'Aligway', '', '2005-11-23', 'male', 'Brgy.Kadaohan Ormoc City', '09774074284', NULL, '2024-31074', 2, 20, 25, '2346203413', NULL, 0),
(94, 'Shanarya Elise', 'M', 'Calub', '', '2006-04-30', 'female', 'Benolho Albuera Leyte', '09537085081', NULL, '2024-30975', 2, 20, 25, '2334621189', NULL, 0),
(95, 'Khea Cyrielle', 'O', 'Moral', '', '2004-08-01', 'female', 'Brgy.Tambubulilid Ormoc City', '0948230319', NULL, '2024-30275', 2, 20, 25, '2345917445', NULL, 0),
(96, 'Arvin Clark', 'T', 'Bioc', '', '2005-12-23', 'male', 'Poblacion Albuera Leyte', '09094911735', NULL, '2024-31484', 2, 20, 25, '2341572373', NULL, 0),
(97, 'Elsie', 'S', 'Garciano', '', '2006-09-18', 'female', 'Aguiting Kananga Leyte', '09537163700', NULL, '2024-30528', 2, 20, 25, '2337708821', '1730031019ElsieGarciano.png', 0),
(98, 'Ariane Jean', 'C', 'Ocenar', '', '2006-01-25', 'female', 'Montebello Kananga Leyte', '09537092263', NULL, '2024-30742', 2, 20, 25, '2334868229', NULL, 0),
(99, 'Regine', 'M', 'Pales', '', '2001-03-21', 'female', 'Brgy.Cagbuhangin Ormoc City', '09163215842', NULL, '2021-30556', 2, 20, 25, '2333994501', NULL, 0),
(100, 'Ianna Jade', 'D', 'Tilan', '', '2004-10-13', 'female', 'Carigara Leyte', '09120914200', NULL, '2023-07245', 2, 20, 25, '2342621205', NULL, 0),
(101, 'Reyna Mae', '', 'Dolores', '', '2004-04-12', 'female', 'Brgy. Rufina M. Tan Ormoc City', '09265362997', NULL, '2022-31075', 2, 20, 25, '2338281733', NULL, 0),
(102, 'Ely Christian', 'G', 'Bucasas', '', '2004-07-17', 'male', 'Brgy.West Ormoc City', '09912554649', NULL, '2022-32197', 2, 20, 25, '2335386373', '1730083486Ely ChristianBucasas.png', 0),
(103, 'Antonio Jose', 'D', 'Torrevillas', '', '2001-07-31', 'male', 'Brgy.West Ormoc City', '09155025710', NULL, '2020-30296', 2, 20, 25, '2348320277', NULL, 0),
(104, 'Geraldine ', 'C', 'Valenzona', '', '2003-06-27', 'female', 'Brgy. Tambulilid, Ormoc City', '09317619843', NULL, '2022-30698', 2, 20, 25, '2342151941', '1730110790Geraldine Valenzona.png', 0),
(105, 'Johnny Andrew', '', 'Teleron', '', '2005-12-30', 'male', '124 Rizal St. Ormoc City', '09538201179', NULL, '2023-36593', 2, 20, 25, '2343864581', '1730206966Johnny AndrewTeleron.png', 0),
(106, 'Bezaleel ', 'A', 'Degillo', '', '2005-08-31', 'male', 'Brgy. Margen, Ormoc City', '09533500185', NULL, '2023-37990', 2, 20, 25, '2344381701', '1730206828Bezaleel Degillo.png', 0),
(107, 'John Paul ', 'S', 'Vasquez', '', '2002-01-03', 'male', 'Brgy. Tambulilid, Ormoc City', '09096546908', NULL, '2022-30654', 2, 20, 25, '2347406613', NULL, 0),
(108, 'Randy', 'D', 'Endolos', '', '2001-11-12', 'male', 'Brgy. Green Valley, Ormoc City', '09164265413', NULL, '2022-30390', 2, 20, 25, '2347579157', NULL, 0),
(109, 'Shamie Jean', 'L', 'Maaghop', '', '2004-03-07', 'female', 'Real street Ormoc City', '09812624097', NULL, '2022-31165', 2, 20, 25, '2338995989', NULL, 0),
(110, 'Gian  Racile', 'P', 'Corilla', '', '2003-12-29', 'male', 'Brgy. Campdownes, ormoc City', '09099701218', NULL, '2022-31791', 2, 20, 25, '2340331013', NULL, 0),
(112, 'Richard Jhon', 'S', 'Maraasin', '', '2001-10-28', 'male', 'Brgy. Cagbuhangin. Ormoc City', '09944810075', NULL, '2022-31336', 2, 20, 25, '2337981445', NULL, 0),
(113, 'Jerson Jr', 'L', 'Donasco', '', '2003-11-18', 'male', 'Brgy. Tambulilid, ormoc City', '09757012851', NULL, '2022-32079', 2, 20, 25, '2346787349', NULL, 0),
(114, 'Christopher Samuel', 'C', 'Abadiano', '', '2003-11-01', 'male', 'Brgy. Tambulilid, Ormoc City', '09269060911', NULL, '2022-31978', 2, 20, 25, '2333354757', NULL, 0),
(115, 'Samantha ', '', 'Salvar', '', '2003-04-02', 'female', 'Brgy. Rufina M. Tan, Ormoc City', '09700683871', NULL, '2022-30651', 2, 20, 25, '2342109205', NULL, 0),
(116, 'Princess ', 'C', 'Elisan', '', '2004-01-26', 'female', 'Brgy. Catmon, Oroc City', '09485949552', NULL, '2022-31352', 2, 20, 25, '2340986645', NULL, 0),
(117, 'John Kent', 'C', 'Canales', '', '2001-08-04', 'male', 'Kadaohan Ormoc City', '0995575079', NULL, '2020-30320', 2, 20, 25, '2346160133', '1730867826John KentCanales.png', 0),
(118, 'Jonas Redfz', 'C', 'Abejar', '', '2003-08-10', 'male', 'San Isidro Leyte', '09991713083', NULL, '2022-31668', 2, 20, 25, '2340388613', '1730206429Jonas RedfzAbejar.png', 0),
(119, 'Rachel', 'F', 'Carrillo', '', '2002-11-01', 'female', 'Brgy.Sumangga Ormoc City', '09945972405', NULL, '2023-33212', 2, 20, 25, '2343960069', NULL, 0),
(120, 'Ethel', 'G', 'Pilapil', '', '2004-05-13', 'female', 'Brgy. Conception, Ormoc City', '09515120262', NULL, '2022-32638', 2, 25, 28, '2342307845', NULL, 0),
(121, 'Mark Joseph ', 'C', 'Talle', '', '2003-01-16', 'male', 'Brgy. Cogon Ormoc City', '09107180383', NULL, '2021-32603', 2, 20, 25, '2333470213', NULL, 0),
(123, 'Lawrence', 'C', 'Laudeza', '', '2003-12-02', 'male', 'Brgy.Sto.nino Ormoc City', '09090999999', NULL, '2021-31202', 2, 20, 25, '2334317317', NULL, 0),
(124, 'Justine Rose', '', 'Dominggono', '', '2003-06-24', 'female', 'Brgy.San isidro Ormoc City', '09951484517', NULL, '2022-30003', 2, 20, 25, '2344302853', NULL, 0),
(125, 'Anthony', 'O', 'Domasig', '', '2002-11-13', 'male', 'Brgy. Cagbuhangin, Ormoc City', '09709962432', NULL, '2021-30875', 2, 20, 25, '2343795461', NULL, 0),
(127, 'Jarry', 'B', 'Bendijo', '', '2003-05-02', 'male', 'Brgy. San Pablo Ormoc City', '09358611151', NULL, '2022-32534', 2, 20, 25, '2335842837', NULL, 0),
(129, 'Ailyn', 'L', 'Artigas', '', '2002-10-14', 'female', 'Brgy.Labrador Ormoc City', '09504040429', NULL, '2020-303111', 2, 20, 25, '2345050117', NULL, 0),
(130, 'Trisha Jane', 'C', 'Pilapil', '', '2002-06-15', 'female', 'Brgy.Licuma Ormoc City', '09120350516', NULL, '2021-30173', 2, 20, 25, '2334986261', NULL, 0),
(131, 'Ma.Althea Bhea', 'B', 'Daza', '', '2004-11-04', 'female', 'Polacion kananga Leyte', '09703497121', NULL, '2022-30383', 2, 20, 25, '2344126725', NULL, 0),
(132, 'Maria Angie', 'C', 'Niez', '', '2004-02-03', 'female', 'kananga Leyte', '09950042400', NULL, '2022-31300', 2, 20, 25, '2342483477', NULL, 0),
(133, 'Lord Anthony', '', 'Aya_ay', '', '2000-12-07', 'male', 'kananga Leyte', '09095032023', NULL, '2020-31254', 2, 20, 25, '2332240389', NULL, 0),
(135, 'Kiryll Dave', 'U', 'Bangcoyo', '', '2003-06-03', 'male', 'Tambulilid Ormoc City', '09513675366', NULL, '2022-31621', 2, 20, 25, '2347959573', NULL, 0),
(136, 'Arkin', 'B', 'Gonzaga', '', '2004-09-21', 'male', 'Kananga Leyte', '09272977068', NULL, '2023-31265', 2, 20, 25, '2340081941', NULL, 0),
(137, 'John Mark', 'T', 'Manidlangan', '', '2005-06-30', 'male', 'Brgy. Cogon Ormoc City', '09387308491', NULL, '2023-31739', 2, 20, 25, '2336302613', NULL, 0),
(138, 'Dominic Mari Luis', 'A', 'Con-ui', '', '2005-02-04', 'male', 'Brgy. South Osmena St.Dist 17 Ormoc City', '09158685570', NULL, '2023-34119', 2, 20, 25, '2334961925', NULL, 0);

-- --------------------------------------------------------

--
-- Table structure for table `users`
--

CREATE TABLE `users` (
  `id` int(11) NOT NULL,
  `fname` varchar(255) NOT NULL,
  `mname` varchar(255) NOT NULL,
  `lname` varchar(255) NOT NULL,
  `sname` varchar(255) NOT NULL,
  `bdate` date DEFAULT NULL,
  `gender` varchar(255) NOT NULL,
  `address` varchar(255) DEFAULT NULL,
  `cellnum` varchar(255) DEFAULT NULL,
  `email` varchar(255) NOT NULL,
  `school_id` varchar(255) NOT NULL,
  `username` varchar(255) NOT NULL,
  `password` longtext NOT NULL,
  `account_type` int(11) NOT NULL DEFAULT 0 COMMENT '1=admin, 2=staff, 3=security personnel',
  `img_path` varchar(255) DEFAULT NULL,
  `status` int(11) NOT NULL DEFAULT 0
) ENGINE=InnoDB DEFAULT CHARSET=utf8mb4 COLLATE=utf8mb4_general_ci;

--
-- Dumping data for table `users`
--

INSERT INTO `users` (`id`, `fname`, `mname`, `lname`, `sname`, `bdate`, `gender`, `address`, `cellnum`, `email`, `school_id`, `username`, `password`, `account_type`, `img_path`, `status`) VALUES
(1, 'admin', '', 'admin', '', '2000-01-01', 'male', 'EVSU OC', '09000000000', 'changem3@gmail.com', '0000-00000', 'admin', '$2y$10$ovOQiS4ho6TwhZglsfd4ve3sxMe2BsqUTtGdPsbukw.PNkWFo4qLO', 0, '20241127_12342423414220admin.png', 0),
(2, 'Security', '', 'Personnel', '', '2000-01-01', 'male', 'changeME', '09000000000', 'changeME@gmail.com', '0000-00000', 'security', '$2y$10$os.N1JYQ4jBx6EaQLAAqn.ImcCVy8RkuJBpxBm5cvx6/6.W1rmC8m', 3, NULL, 0),
(3, 'Staff', 'S', 'Office', 'III', '2000-01-01', 'female', 'change This', '09090000000', 'changeME@evsu.edu.ph', '0000-00000', 'staff', '$2y$10$H2JhT0dPzzxejlmgUe/3kOfG4JE9JXqf/vCihGXe3hPaPr2BG17D.', 2, '20241127_12123123131235631Office.png', 0),
(7, 'John Mark', '', 'Cuyos', '', '2000-07-17', 'male', 'Tabgas, Albuera, Leyte', '09751407146', 'johnmark.cuyos@evsu.edu.ph', '2021-30174', 'evsuoc_jm', '$2y$10$F0673o3t9.55fJ6c881SseQFG8fv2hR8O8O52UEo9JHagBrw1pkbS', 1, NULL, 0),
(8, 'Myname', '', 'Givenname', '', '2010-01-01', 'male', '', '', 'changeM3@example.com', '00000000', 'administrator', '$2y$10$FfgUuNOy8DLyr/NoOc9iceRPkyi/I76GgohwZ6KpIsOllJsuhYivO', 1, NULL, 0),
(9, 'wew', '', 'wew', '', '2014-12-04', 'female', '', '', 'wew@awew', '424234', 'wew', '$2y$10$vs4u5/CUFkcn1pE0ru/sp.fySIpBgg/6kJtTDbZw2/lm865kp2u9O', 2, NULL, 1),
(10, 'ACC', '', 'adasd', '', '2014-12-11', 'female', NULL, NULL, 'awe@asd', 'a213123213', 'wewwewew', '$2y$10$zwco6ZvR0vuU5pH7q0m4Ve/gD5QFaoaFgNnx0B7F4aGfSNmh9sld2', 2, NULL, 1);

-- --------------------------------------------------------

--
-- Table structure for table `vendors`
--

CREATE TABLE `vendors` (
  `id` int(11) NOT NULL,
  `fname` varchar(255) NOT NULL,
  `mname` varchar(255) DEFAULT NULL,
  `lname` varchar(255) NOT NULL,
  `sname` varchar(255) DEFAULT NULL,
  `gender` varchar(255) DEFAULT NULL,
  `address` varchar(255) DEFAULT NULL,
  `cellnum` varchar(255) DEFAULT NULL,
  `role_id` int(11) DEFAULT NULL,
  `rfid` varchar(255) DEFAULT NULL,
  `img_path` varchar(255) DEFAULT NULL,
  `status` int(11) NOT NULL DEFAULT 0 COMMENT '0= active, 1=archived'
) ENGINE=InnoDB DEFAULT CHARSET=utf8mb4 COLLATE=utf8mb4_general_ci;

--
-- Dumping data for table `vendors`
--

INSERT INTO `vendors` (`id`, `fname`, `mname`, `lname`, `sname`, `gender`, `address`, `cellnum`, `role_id`, `rfid`, `img_path`, `status`) VALUES
(1, 'Glenda', 'A', 'Gariando', '', 'female', 'EVSU', '09000000000', 4, '0045444797', '20241127_114954Gariando.png', 0),
(2, 'Joseph', 'A', 'Gariando', '', 'male', 'EVSU', '09000000000', 4, '0036595314', '1730721267JosephGariando.png', 0),
(3, 'Marika', 'V', 'Villena', '', 'female', 'EVSU', '09000000000', 4, '0045481893', '1730721062MarikaVillena.png', 0),
(4, 'Imelda', '', 'Bermejo', '', 'female', 'EVSU', '09000000000', 4, '0036528715', '20241127_130024Bermejo.png', 0),
(5, 'Celerine', '', 'Merequillo', '', 'female', 'EVSU', '09000000000', 4, '0037952426', '1730720897CelerineMerequillo.png', 0);

-- --------------------------------------------------------

--
-- Table structure for table `visitors`
--

CREATE TABLE `visitors` (
  `id` int(11) NOT NULL,
  `fname` varchar(255) NOT NULL,
  `mname` varchar(255) DEFAULT NULL,
  `lname` varchar(255) NOT NULL,
  `sname` varchar(255) DEFAULT NULL,
  `gender` varchar(255) DEFAULT NULL,
  `address` varchar(255) DEFAULT NULL,
  `cellnum` varchar(255) DEFAULT NULL,
  `role_id` int(11) DEFAULT NULL,
  `rfid` varchar(255) DEFAULT NULL,
  `img_path` varchar(255) DEFAULT NULL,
  `status` int(11) NOT NULL DEFAULT 0 COMMENT '0= active, 1=archived'
) ENGINE=InnoDB DEFAULT CHARSET=utf8mb4 COLLATE=utf8mb4_general_ci;

--
-- Dumping data for table `visitors`
--

INSERT INTO `visitors` (`id`, `fname`, `mname`, `lname`, `sname`, `gender`, `address`, `cellnum`, `role_id`, `rfid`, `img_path`, `status`) VALUES
(1, 'Ruthie Mae', 'A', 'Quilaquil', '', 'female', 'EVSU', '09000000000', 3, '0037969829', NULL, 0),
(2, 'Juanna', '', 'Royeras', '', 'female', 'EVSU', '09000000000', 3, '0037804295', NULL, 0),
(4, 'jm', '', 'cuyos', '', 'male', 'albuera', '09232232323', 3, '0037969829', NULL, 1),
(5, 'jm2', '', 'fab', '', 'female', 'wew', '09108825534', 3, '0037969829', NULL, 1),
(6, 'jm3', '', 'wew', '', 'female', 'wew', '09108825534', 3, '0037969829', NULL, 1),
(7, 'jm4', '', 'wewew', '', 'male', 'wew', '09345345345', 3, '0037969829', NULL, 1);

--
-- Indexes for dumped tables
--

--
-- Indexes for table `department`
--
ALTER TABLE `department`
  ADD PRIMARY KEY (`id`),
  ADD UNIQUE KEY `dept_name` (`dept_name`);

--
-- Indexes for table `employees`
--
ALTER TABLE `employees`
  ADD PRIMARY KEY (`id`),
  ADD UNIQUE KEY `rfid` (`rfid`),
  ADD KEY `fk_employees_role_id` (`role_id`),
  ADD KEY `fk_employees_type_id` (`employee_type_id`);

--
-- Indexes for table `employee_type`
--
ALTER TABLE `employee_type`
  ADD PRIMARY KEY (`id`);

--
-- Indexes for table `gen_reports`
--
ALTER TABLE `gen_reports`
  ADD PRIMARY KEY (`id`);

--
-- Indexes for table `logs`
--
ALTER TABLE `logs`
  ADD PRIMARY KEY (`id`),
  ADD KEY `fk_logs_user_id` (`user_id`);

--
-- Indexes for table `program`
--
ALTER TABLE `program`
  ADD PRIMARY KEY (`id`),
  ADD KEY `fk_program_department` (`dept_id`);

--
-- Indexes for table `records`
--
ALTER TABLE `records`
  ADD PRIMARY KEY (`id`);

--
-- Indexes for table `role`
--
ALTER TABLE `role`
  ADD PRIMARY KEY (`id`),
  ADD UNIQUE KEY `cat_name` (`role_name`);

--
-- Indexes for table `students`
--
ALTER TABLE `students`
  ADD PRIMARY KEY (`id`),
  ADD UNIQUE KEY `rfid` (`rfid`),
  ADD KEY `fk_students_department` (`dept_id`),
  ADD KEY `fk_students_program` (`prog_id`),
  ADD KEY `fk_role_id` (`role_id`);

--
-- Indexes for table `users`
--
ALTER TABLE `users`
  ADD PRIMARY KEY (`id`);

--
-- Indexes for table `vendors`
--
ALTER TABLE `vendors`
  ADD PRIMARY KEY (`id`),
  ADD KEY `fk_vendors_role_id` (`role_id`);

--
-- Indexes for table `visitors`
--
ALTER TABLE `visitors`
  ADD PRIMARY KEY (`id`),
  ADD KEY `fk_visitors_role_id` (`role_id`);

--
-- AUTO_INCREMENT for dumped tables
--

--
-- AUTO_INCREMENT for table `department`
--
ALTER TABLE `department`
  MODIFY `id` int(11) NOT NULL AUTO_INCREMENT, AUTO_INCREMENT=30;

--
-- AUTO_INCREMENT for table `employees`
--
ALTER TABLE `employees`
  MODIFY `id` int(11) NOT NULL AUTO_INCREMENT, AUTO_INCREMENT=15;

--
-- AUTO_INCREMENT for table `employee_type`
--
ALTER TABLE `employee_type`
  MODIFY `id` int(11) NOT NULL AUTO_INCREMENT, AUTO_INCREMENT=19;

--
-- AUTO_INCREMENT for table `gen_reports`
--
ALTER TABLE `gen_reports`
  MODIFY `id` int(11) NOT NULL AUTO_INCREMENT, AUTO_INCREMENT=51;

--
-- AUTO_INCREMENT for table `logs`
--
ALTER TABLE `logs`
  MODIFY `id` int(11) NOT NULL AUTO_INCREMENT, AUTO_INCREMENT=1100;

--
-- AUTO_INCREMENT for table `program`
--
ALTER TABLE `program`
  MODIFY `id` int(11) NOT NULL AUTO_INCREMENT, AUTO_INCREMENT=26;

--
-- AUTO_INCREMENT for table `records`
--
ALTER TABLE `records`
  MODIFY `id` int(11) NOT NULL AUTO_INCREMENT, AUTO_INCREMENT=715;

--
-- AUTO_INCREMENT for table `role`
--
ALTER TABLE `role`
  MODIFY `id` int(11) NOT NULL AUTO_INCREMENT, AUTO_INCREMENT=101;

--
-- AUTO_INCREMENT for table `students`
--
ALTER TABLE `students`
  MODIFY `id` int(11) NOT NULL AUTO_INCREMENT, AUTO_INCREMENT=139;

--
-- AUTO_INCREMENT for table `users`
--
ALTER TABLE `users`
  MODIFY `id` int(11) NOT NULL AUTO_INCREMENT, AUTO_INCREMENT=11;

--
-- AUTO_INCREMENT for table `vendors`
--
ALTER TABLE `vendors`
  MODIFY `id` int(11) NOT NULL AUTO_INCREMENT, AUTO_INCREMENT=6;

--
-- AUTO_INCREMENT for table `visitors`
--
ALTER TABLE `visitors`
  MODIFY `id` int(11) NOT NULL AUTO_INCREMENT, AUTO_INCREMENT=8;

--
-- Constraints for dumped tables
--

--
-- Constraints for table `employees`
--
ALTER TABLE `employees`
  ADD CONSTRAINT `fk_employee_role_id` FOREIGN KEY (`role_id`) REFERENCES `role` (`id`),
  ADD CONSTRAINT `fk_employees_role_id` FOREIGN KEY (`role_id`) REFERENCES `role` (`id`),
  ADD CONSTRAINT `fk_employees_type_id` FOREIGN KEY (`employee_type_id`) REFERENCES `employee_type` (`id`);

--
-- Constraints for table `logs`
--
ALTER TABLE `logs`
  ADD CONSTRAINT `fk_logs_user_id` FOREIGN KEY (`user_id`) REFERENCES `users` (`id`);

--
-- Constraints for table `program`
--
ALTER TABLE `program`
  ADD CONSTRAINT `fk_program_department` FOREIGN KEY (`dept_id`) REFERENCES `department` (`id`);

--
-- Constraints for table `students`
--
ALTER TABLE `students`
  ADD CONSTRAINT `fk_role_id` FOREIGN KEY (`role_id`) REFERENCES `role` (`id`),
  ADD CONSTRAINT `fk_students_department` FOREIGN KEY (`dept_id`) REFERENCES `department` (`id`),
  ADD CONSTRAINT `fk_students_program` FOREIGN KEY (`prog_id`) REFERENCES `program` (`id`);

--
-- Constraints for table `vendors`
--
ALTER TABLE `vendors`
  ADD CONSTRAINT `fk_vendors_role_id` FOREIGN KEY (`role_id`) REFERENCES `role` (`id`);

--
-- Constraints for table `visitors`
--
ALTER TABLE `visitors`
  ADD CONSTRAINT `fk_visitors_role_id` FOREIGN KEY (`role_id`) REFERENCES `role` (`id`);
COMMIT;

/*!40101 SET CHARACTER_SET_CLIENT=@OLD_CHARACTER_SET_CLIENT */;
/*!40101 SET CHARACTER_SET_RESULTS=@OLD_CHARACTER_SET_RESULTS */;
/*!40101 SET COLLATION_CONNECTION=@OLD_COLLATION_CONNECTION */;
